case_id,stage_order,stage,shape,keras_dtype,pytorch_dtype,exact_equal,keras_norm,pytorch_norm,max_abs_diff,mean_abs_diff,relative_l2,cosine_similarity,sign_mismatch_fraction,previous_relative_l2,amplification_ratio,shape_changed_from_previous
seed123_initial_shared,0,input,"[32, 128, 128, 3]",float32,float32,True,642.9471156531822,642.9471156531822,0.0,0.0,0.0,0.9999999999999999,0.0,,,
seed123_initial_shared,1,conv1,"[32, 128, 128, 32]",float32,float32,True,815.2208314488021,815.2208314488021,0.0,0.0,0.0,1.0,0.0,0.0,,True
seed123_initial_shared,2,bn1_input,"[32, 128, 128, 32]",float32,float32,True,815.2208314488021,815.2208314488021,0.0,0.0,0.0,1.0,0.0,0.0,,False
seed123_initial_shared,3,bn1_batch_mean,[32],float32,float32,False,0.9744181046968162,0.9744180798837616,2.9802322387695312e-08,3.958120942115784e-09,5.73941524174151e-08,0.9999999999999987,0.0,0.0,,True
seed123_initial_shared,4,bn1_batch_variance,[32],float32,float32,False,0.08835212342024816,0.08835212446229443,3.725290298461914e-09,3.9108272176235914e-10,6.364468626314104e-08,0.9999999999999981,0.0,5.73941524174151e-08,1.1089054125282167,False
seed123_initial_shared,5,bn1_x_hat,"[32, 128, 128, 32]",float32,float32,False,3537.4373155231174,3537.4373285687357,9.5367431640625e-07,5.368153972263098e-08,1.0540195926671507e-07,0.9999999999999136,0.0,6.364468626314104e-08,1.656099911168188,True
seed123_initial_shared,6,bn1_output,"[32, 128, 128, 32]",float32,float32,False,3537.4373155231174,3537.4373285687357,9.5367431640625e-07,5.368153972263098e-08,1.0540195926671507e-07,0.9999999999999136,0.0,1.0540195926671507e-07,1.0,False
seed123_initial_shared,7,relu1,"[32, 128, 128, 32]",float32,float32,False,2484.3953555998996,2484.395412575528,9.5367431640625e-07,2.7619892203841983e-08,1.07018796529538e-07,0.9999999999998684,0.0,1.0540195926671507e-07,1.0153397268330808,False
seed123_initial_shared,8,pool1,"[32, 64, 64, 32]",float32,float32,False,1369.6791150243712,1369.6791434760992,9.5367431640625e-07,3.0450378542211365e-08,1.0300497331413287e-07,0.9999999999999573,0.0,1.07018796529538e-07,0.9624942220846476,True
seed123_initial_shared,9,conv2,"[32, 64, 64, 64]",float32,float32,False,1620.7499728080315,1620.750019891985,1.430511474609375e-06,6.072858770196643e-08,1.5057336823129698e-07,0.9999999999998291,0.0,1.0300497331413287e-07,1.4618067787085913,True
seed123_initial_shared,10,bn2_input,"[32, 64, 64, 64]",float32,float32,False,1620.7499728080315,1620.750019891985,1.430511474609375e-06,6.072858770196643e-08,1.5057336823129698e-07,0.9999999999998291,0.0,1.5057336823129698e-07,1.0,False
seed123_initial_shared,11,bn2_batch_mean,[64],float32,float32,False,2.799398327347253,2.7993984545963193,1.1920928955078125e-07,3.5819539334625006e-08,1.33535580082309e-07,0.9999999999999921,0.0,1.5057336823129698e-07,0.8868472668897458,True
seed123_initial_shared,12,bn2_batch_variance,[64],float32,float32,False,1.8765415047764067,1.876541661087759,1.1920928955078125e-07,1.6530975699424744e-08,1.1324282243817695e-07,0.9999999999999971,0.0,1.33535580082309e-07,0.8480348261367948,False
seed123_initial_shared,13,bn2_x_hat,"[32, 64, 64, 64]",float32,float32,False,2885.220693912725,2885.2206913237337,3.814697265625e-06,1.4676240494815217e-07,2.0822146590465323e-07,0.9999999999998317,1.1920928955078125e-07,1.1324282243817695e-07,1.8387166746777994,True
seed123_initial_shared,14,bn2_output,"[32, 64, 64, 64]",float32,float32,False,2885.220693912725,2885.2206913237337,3.814697265625e-06,1.4676240494815217e-07,2.0822146590465323e-07,0.9999999999998317,1.1920928955078125e-07,2.0822146590465323e-07,1.0,False
seed123_initial_shared,15,relu2,"[32, 64, 64, 64]",float32,float32,False,2043.2899145610754,2043.2899415586865,3.5762786865234375e-06,7.54227252777238e-08,2.1323516740566701e-07,0.9999999999998681,1.1920928955078125e-07,2.0822146590465323e-07,1.024078696589859,False
seed123_initial_shared,16,pool2,"[32, 32, 32, 64]",float32,float32,False,1279.0989168773626,1279.0989290341204,3.5762786865234375e-06,9.311906332672371e-08,1.9448263078107663e-07,0.9999999999999273,4.76837158203125e-07,2.1323516740566701e-07,0.912057017363769,True
seed123_initial_shared,17,conv3,"[32, 32, 32, 128]",float32,float32,False,1390.100529351565,1390.1005459759074,2.86102294921875e-06,1.3634357856617818e-07,2.7361939901200614e-07,0.9999999999998271,0.0,1.9448263078107663e-07,1.4069091821367403,True
seed123_initial_shared,18,bn3_input,"[32, 32, 32, 128]",float32,float32,False,1390.100529351565,1390.1005459759074,2.86102294921875e-06,1.3634357856617818e-07,2.7361939901200614e-07,0.9999999999998271,0.0,2.7361939901200614e-07,1.0,False
seed123_initial_shared,19,bn3_batch_mean,[128],float32,float32,False,4.708909898060737,4.708909996919904,1.1920928955078125e-07,2.5371264200657606e-08,8.40113039327001e-08,0.9999999999999968,0.0,2.7361939901200614e-07,0.30703708960713627,True
seed123_initial_shared,20,bn3_batch_variance,[128],float32,float32,False,3.5086865280355215,3.5086865834531085,1.1920928955078125e-07,1.9441358745098114e-08,9.333598217196398e-08,0.9999999999999957,0.0,8.40113039327001e-08,1.1109931378607538,False
seed123_initial_shared,21,bn3_x_hat,"[32, 32, 32, 128]",float32,float32,False,2043.9337927368392,2043.9337945684485,5.0067901611328125e-06,2.679328043141336e-07,3.685558807491714e-07,0.9999999999998216,4.76837158203125e-07,9.333598217196398e-08,3.948700942259729,True
seed123_initial_shared,22,bn3_output,"[32, 32, 32, 128]",float32,float32,False,2043.9337927368392,2043.9337945684485,5.0067901611328125e-06,2.679328043141336e-07,3.685558807491714e-07,0.9999999999998216,4.76837158203125e-07,3.685558807491714e-07,1.0,False
seed123_initial_shared,23,relu3,"[32, 32, 32, 128]",float32,float32,False,1431.7629605696895,1431.7629611995928,5.0067901611328125e-06,1.3362170103022608e-07,3.693802547272147e-07,0.9999999999998522,4.76837158203125e-07,3.685558807491714e-07,1.0022367679396882,False
seed123_initial_shared,24,pool3,"[32, 16, 16, 128]",float32,float32,False,995.6582160131637,995.6582125115955,5.0067901611328125e-06,1.8947348506370525e-07,3.243407371302087e-07,0.9999999999999049,9.5367431640625e-07,3.693802547272147e-07,0.8780673384118286,True
seed123_initial_shared,25,conv4,"[32, 16, 16, 256]",float32,float32,False,1081.6501749075326,1081.650172382292,4.291534423828125e-06,2.397873169052156e-07,4.2668307255018107e-07,0.9999999999998092,4.76837158203125e-07,3.243407371302087e-07,1.3155395659685092,True
seed123_initial_shared,26,bn4_input,"[32, 16, 16, 256]",float32,float32,False,1081.6501749075326,1081.650172382292,4.291534423828125e-06,2.397873169052156e-07,4.2668307255018107e-07,0.9999999999998092,4.76837158203125e-07,4.2668307255018107e-07,1.0,False
seed123_initial_shared,27,bn4_batch_mean,[256],float32,float32,False,7.708917392176393,7.708917396908496,1.1920928955078125e-07,2.3463144316338003e-08,7.433487195884317e-08,0.9999999999999973,0.0,4.2668307255018107e-07,0.17421565733686525,True
seed123_initial_shared,28,bn4_batch_variance,[256],float32,float32,False,5.454728252574243,5.454728261586051,1.1920928955078125e-07,1.9383151084184647e-08,8.754517482645358e-08,0.9999999999999963,0.0,7.433487195884317e-08,1.177713400447162,False
seed123_initial_shared,29,bn4_x_hat,"[32, 16, 16, 256]",float32,float32,False,1445.7399806489148,1445.7399843911053,6.198883056640625e-06,4.3374852807725664e-07,5.803527962198008e-07,0.999999999999748,0.0,8.754517482645358e-08,6.629180847148588,True
seed123_initial_shared,30,bn4_output,"[32, 16, 16, 256]",float32,float32,False,1445.7399806489148,1445.7399843911053,6.198883056640625e-06,4.3374852807725664e-07,5.803527962198008e-07,0.999999999999748,0.0,5.803527962198008e-07,1.0,False
seed123_initial_shared,31,relu4,"[32, 16, 16, 256]",float32,float32,False,1020.0671561638853,1020.0671546769148,6.198883056640625e-06,2.1680538978577314e-07,5.808505054327794e-07,0.9999999999997753,0.0,5.803527962198008e-07,1.0008575976823417,False
seed123_initial_shared,32,pool4,"[32, 8, 8, 256]",float32,float32,False,774.4500276429017,774.450025187673,6.198883056640625e-06,3.411691405705297e-07,4.864661600420337e-07,0.9999999999998423,0.0,5.808505054327794e-07,0.8375066484268239,True
seed123_initial_shared,33,gap,"[32, 256]",float32,float32,False,73.31378651508354,73.31378647648862,7.152557373046875e-07,7.703283699811436e-08,1.3096396785533982e-07,0.9999999999999936,0.0,4.864661600420337e-07,0.26921496007866963,True
seed123_initial_shared,34,fc128,"[32, 128]",float32,float32,False,61.32209412821119,61.32209337461585,1.1920928955078125e-06,1.833219940294839e-07,2.573653578223517e-07,0.9999999999999672,0.0,1.3096396785533982e-07,1.9651615786918761,True
seed123_initial_shared,35,fc128_relu,"[32, 128]",float32,float32,False,42.26815157304497,42.26815100935809,1.0728836059570312e-06,9.024244818078841e-08,2.578632849035458e-07,0.9999999999999676,0.0,2.573653578223517e-07,1.001934709027692,False
seed123_initial_shared,36,logits,"[32, 8]",float32,float32,False,21.370803389733965,21.370802475869016,9.5367431640625e-07,1.88418198376894e-07,1.8941364482313964e-07,0.9999999999999829,0.0,2.578632849035458e-07,0.7345506549875457,True
seed123_initial_shared,37,loss,[1],float32,float32,True,2.748014450073242,2.748014450073242,0.0,0.0,0.0,1.0,0.0,1.8941364482313964e-07,0.0,True
