case_id,parameter_order,parameter,shape,keras_dtype,pytorch_dtype,exact_equal,keras_norm,pytorch_norm,max_abs_diff,mean_abs_diff,relative_l2,cosine_similarity,sign_mismatch_fraction
seed123_epoch_030_keras,0,conv1/kernel,"[3, 3, 3, 32]",float32,float32,False,1.8954349850846017,1.8955533878676198,2.9392540454864502e-05,4.4372122997797475e-06,0.00011717602079172967,0.9999999950854236,0.0
seed123_epoch_030_keras,1,bn1/gamma,[32],float32,float32,False,0.0958763813642813,0.09587631136307614,1.4103949069976807e-05,2.5205081328749657e-06,0.00023477174178655364,0.9999999724413609,0.0
seed123_epoch_030_keras,2,bn1/beta,[32],float32,float32,False,0.08975666913236272,0.089758734078997,2.723187208175659e-06,8.633433026261628e-07,6.87784706921299e-05,0.9999999978993397,0.0
seed123_epoch_030_keras,3,conv2/kernel,"[3, 3, 32, 64]",float32,float32,False,0.5885280497347783,0.5885276608558698,2.6672612875699997e-05,3.915298214776344e-07,0.00027688363880540816,0.9999999616679177,0.00010850694444444444
seed123_epoch_030_keras,4,bn2/gamma,[64],float32,float32,False,0.17855036860659512,0.17854268395717998,1.2096017599105835e-05,2.366494300076738e-06,0.0001621441634682063,0.9999999877802918,0.0
seed123_epoch_030_keras,5,bn2/beta,[64],float32,float32,False,0.1442601915295666,0.14425599095950375,6.845220923423767e-06,1.4675915736006573e-06,0.00011148517677266219,0.9999999942092885,0.0
seed123_epoch_030_keras,6,conv3/kernel,"[3, 3, 64, 128]",float32,float32,False,0.6822821406825217,0.6822821569958858,4.6754954382777214e-05,3.592365196672078e-08,0.0002720261817408563,0.9999999630008688,1.3563368055555555e-05
seed123_epoch_030_keras,7,bn3/gamma,[128],float32,float32,False,0.2106534281568835,0.21065340618788628,9.82731580734253e-06,8.509232429787517e-08,4.665491394041896e-05,0.9999999989116648,0.0
seed123_epoch_030_keras,8,bn3/beta,[128],float32,float32,False,0.16405617986417825,0.16405484055269043,3.464706242084503e-05,2.770611899904907e-07,0.00021119099027517768,0.9999999777323243,0.0
seed123_epoch_030_keras,9,conv4/kernel,"[3, 3, 128, 256]",float32,float32,False,0.3780432838533491,0.37804330204194864,1.3838871382176876e-08,5.935796820790799e-10,1.2722640797644912e-06,0.9999999999991583,0.0
seed123_epoch_030_keras,10,bn4/gamma,[256],float32,float32,False,0.4179046426960048,0.41790462917796944,2.60770320892334e-08,7.682501745875925e-09,3.592452912295049e-07,0.9999999999999363,0.0
seed123_epoch_030_keras,11,bn4/beta,[256],float32,float32,False,0.32118971874794977,0.3211897060449863,2.2351741790771484e-08,6.320988177321851e-09,3.7794794574185753e-07,0.9999999999999294,0.0
seed123_epoch_030_keras,12,fc128/kernel,"[256, 128]",float32,float32,False,1.6688501887142986,1.6688501451444162,2.671731635928154e-08,1.1338504475599809e-09,3.492009019437023e-07,0.9999999999999404,0.0
seed123_epoch_030_keras,13,fc128/bias,[128],float32,float32,False,0.14129519317692918,0.1412951845627332,2.421438694000244e-08,1.5916157281026244e-09,3.4164196945389963e-07,0.9999999999999437,0.0
seed123_epoch_030_keras,14,logits/kernel,"[128, 8]",float32,float32,False,0.9374754940349798,0.9374754813201641,1.1920928955078125e-07,3.2798729288074924e-09,3.7067456430439215e-07,0.9999999999999314,0.0
seed123_epoch_030_keras,15,logits/bias,[8],float32,float32,False,0.13035069235783392,0.13035068476118924,2.2351741790771484e-08,1.0972144082188606e-08,2.9735042760262907e-07,0.9999999999999574,0.0
