case_id,backward_order,stage,shape,keras_dtype,pytorch_dtype,exact_equal,keras_norm,pytorch_norm,max_abs_diff,mean_abs_diff,relative_l2,cosine_similarity,sign_mismatch_fraction
seed2026_initial_shared,0,logits,"[32, 8]",float32,float32,False,0.1665905759191615,0.16659057626507395,4.6566128730773926e-09,7.705693860771134e-10,1.0524067654122578e-07,0.9999999999999944,0.0
seed2026_initial_shared,1,fc128_relu,"[32, 128]",float32,float32,False,0.23069181941846822,0.23069182025812449,2.7939677238464355e-09,3.3718039471608563e-10,1.2847347973473213e-07,0.999999999999993,0.0
seed2026_initial_shared,2,fc128,"[32, 128]",float32,float32,False,0.16136363438035098,0.16136363475546045,2.7939677238464355e-09,1.7289381037954854e-10,1.320900315278564e-07,0.999999999999992,0.0
seed2026_initial_shared,3,gap,"[32, 256]",float32,float32,False,0.18671483236791095,0.18671483214137194,1.979060471057892e-09,2.958418197918089e-10,1.9367649257676777e-07,0.9999999999999821,0.0
seed2026_initial_shared,4,pool4,"[32, 8, 8, 256]",float32,float32,False,0.023339354045989476,0.02333935401767204,3.092281986027956e-11,4.622528434247014e-12,1.9367649257676274e-07,0.9999999999999247,0.0
seed2026_initial_shared,5,relu4,"[32, 16, 16, 256]",float32,float32,False,0.02333935404598946,0.023339354017672002,3.092281986027956e-11,1.1556321085617535e-12,1.9367649257676287e-07,0.9999999999999264,0.0
seed2026_initial_shared,6,bn4,"[32, 16, 16, 256]",float32,float32,False,0.02057497587167525,0.020574975853735942,3.092281986027956e-11,8.999993730722316e-13,1.942682245752905e-07,0.9999999999999608,0.0
seed2026_initial_shared,7,conv4,"[32, 16, 16, 256]",float32,float32,False,0.03688567255428154,0.03688567246777817,8.731149137020111e-11,2.4642884850665733e-12,2.1404707185985396e-07,0.9999999999999324,0.0
seed2026_initial_shared,8,pool3,"[32, 16, 16, 128]",float32,float32,False,0.028591790282578536,0.028591790239600918,8.36735125631094e-11,9.41729876521055e-12,4.3242632378445025e-07,0.999999999999824,0.0
seed2026_initial_shared,9,relu3,"[32, 32, 32, 128]",float32,float32,False,0.028591790282578522,0.028591790239600925,8.36735125631094e-11,2.3543246913026376e-12,4.3242632378445046e-07,0.9999999999998243,0.0
seed2026_initial_shared,10,bn3,"[32, 32, 32, 128]",float32,float32,False,0.02353782056574457,0.023537820528379425,8.36735125631094e-11,1.6130218549601427e-12,4.35430942418589e-07,0.9999999999998412,0.0
seed2026_initial_shared,11,conv3,"[32, 32, 32, 128]",float32,float32,False,0.04896538987569528,0.04896538962028613,2.1827872842550278e-10,3.4641740089751674e-12,4.40084320791943e-07,0.9999999999998537,4.76837158203125e-07
seed2026_initial_shared,12,pool2,"[32, 32, 32, 64]",float32,float32,False,0.039146211168894274,0.03914621096314703,1.0550138540565968e-10,1.1664424500685351e-11,5.53174502931683e-07,0.9999999999997128,4.76837158203125e-07
seed2026_initial_shared,13,relu2,"[32, 64, 64, 64]",float32,float32,False,0.03914621116889427,0.03914621096314702,1.0550138540565968e-10,2.916106125171338e-12,5.531745029316831e-07,0.999999999999714,1.1920928955078125e-07
seed2026_initial_shared,14,bn2,"[32, 64, 64, 64]",float32,float32,False,0.030185388778061054,0.030185445280518607,5.8484562032390386e-05,8.714043429554791e-12,0.0019375087528237262,0.9999981230280593,2.384185791015625e-07
seed2026_initial_shared,15,conv2,"[32, 64, 64, 64]",float32,float32,False,0.08317890242138364,0.08317908361288905,0.0001743673115299771,4.620214356993133e-11,0.0020962960343702697,0.9999978027689724,4.1604042053222656e-05
seed2026_initial_shared,16,pool1,"[32, 64, 64, 32]",float32,float32,False,0.06740061137444013,0.06740072060021672,1.4503833881462924e-05,6.290024891958377e-10,0.002110762536621802,0.9999977723382174,9.298324584960938e-06
seed2026_initial_shared,17,relu1,"[32, 128, 128, 32]",float32,float32,False,0.06740061137444009,0.06740072060021675,1.4503833881462924e-05,1.5725062229895942e-10,0.002110762536621801,0.9999977723382177,2.3245811462402344e-06
seed2026_initial_shared,18,bn1,"[32, 128, 128, 32]",float32,float32,False,0.049511753370682914,0.049511769004498524,2.193726868426893e-05,9.433781999237889e-11,0.002263783422143765,0.9999974376413748,1.4901161193847656e-06
seed2026_initial_shared,19,conv1,"[32, 128, 128, 32]",float32,float32,False,0.7023675612391147,0.7023687444790736,0.0003383662551641464,1.3265482780798817e-09,0.001928642002731574,0.9999981401680633,0.00010472536087036133
