framework,seed,epoch,schedule_index,batch_index,position_in_batch,sample_index,relative_path
keras,123,11,10,1,0,5519,train/happy/15_ffhq_1131.png
keras,123,11,10,1,1,3170,train/disgust/15_image0036913.jpg
keras,123,11,10,1,2,6748,train/neutral/10_ffhq_582.png
keras,123,11,10,1,3,9768,train/surprise/15_image0033530.jpg
keras,123,11,10,1,4,5879,train/happy/15_ffhq_4881.png
keras,123,11,10,1,5,7061,train/neutral/15_ffhq_4262.png
keras,123,11,10,1,6,3583,train/disgust/5_image0037271.jpg
keras,123,11,10,1,7,734,train/anger/15_image0025647.jpg
keras,123,11,10,1,8,2747,train/disgust/10_image0035897.jpg
keras,123,11,10,1,9,3036,train/disgust/15_image0023569.jpg
keras,123,11,10,1,10,7739,train/sad/10_image0008940.jpg
keras,123,11,10,1,11,4919,train/fear/5_image0037612.jpg
keras,123,11,10,1,12,568,train/anger/15_image0018424.jpg
keras,123,11,10,1,13,1545,train/contempt/10_image0038322.jpg
keras,123,11,10,1,14,8199,train/sad/15_image0016204.jpg
keras,123,11,10,1,15,8990,train/surprise/10_ffhq_510.png
keras,123,11,10,1,16,5806,train/happy/15_ffhq_4099.png
keras,123,11,10,1,17,4962,train/fear/5_image0038810.jpg
keras,123,11,10,1,18,9013,train/surprise/10_image0000822.jpg
keras,123,11,10,1,19,9212,train/surprise/10_image0027997.jpg
keras,123,11,10,1,20,1981,train/contempt/15_image0039018.jpg
keras,123,11,10,1,21,8282,train/sad/15_image0020774.jpg
keras,123,11,10,1,22,7527,train/neutral/5_ffhq_4411.png
keras,123,11,10,1,23,3706,train/disgust/5_image0041362.jpg
keras,123,11,10,1,24,5506,train/happy/15_ffhq_1006.png
keras,123,11,10,1,25,7561,train/neutral/5_ffhq_4795.png
keras,123,11,10,1,26,5211,train/happy/10_ffhq_2409.png
keras,123,11,10,1,27,4324,train/fear/15_image0032880.jpg
keras,123,11,10,1,28,7475,train/neutral/5_ffhq_3953.png
keras,123,11,10,1,29,7600,train/neutral/5_ffhq_5250.png
keras,123,11,10,1,30,5753,train/happy/15_ffhq_3584.png
keras,123,11,10,1,31,1982,train/contempt/15_image0039106.jpg
keras,123,11,10,2,0,9657,train/surprise/15_image0030671.jpg
keras,123,11,10,2,1,6537,train/neutral/10_ffhq_2745.png
keras,123,11,10,2,2,5244,train/happy/10_ffhq_277.png
keras,123,11,10,2,3,7107,train/neutral/15_ffhq_482.png
keras,123,11,10,2,4,4886,train/fear/5_image0036797.jpg
keras,123,11,10,2,5,9108,train/surprise/10_image0019113.jpg
keras,123,11,10,2,6,9466,train/surprise/15_image0008455.jpg
keras,123,11,10,2,7,8300,train/sad/15_image0021899.jpg
keras,123,11,10,2,8,2435,train/contempt/5_image0039580.jpg
keras,123,11,10,2,9,381,train/anger/10_image0028071.jpg
keras,123,11,10,2,10,2009,train/contempt/15_image0039805.jpg
keras,123,11,10,2,11,1034,train/anger/5_image0020386.jpg
keras,123,11,10,2,12,995,train/anger/5_image0018233.jpg
keras,123,11,10,2,13,8687,train/sad/5_image0017549.jpg
keras,123,11,10,2,14,208,train/anger/10_image0020066.jpg
keras,123,11,10,2,15,5031,train/fear/5_image0040345.jpg
keras,123,11,10,2,16,7868,train/sad/10_image0020944.jpg
keras,123,11,10,2,17,7086,train/neutral/15_ffhq_4533.png
keras,123,11,10,2,18,9656,train/surprise/15_image0030653.jpg
keras,123,11,10,2,19,9361,train/surprise/15_ffhq_152.png
keras,123,11,10,2,20,435,train/anger/10_image0030604.jpg
keras,123,11,10,2,21,1558,train/contempt/10_image0038866.jpg
keras,123,11,10,2,22,7922,train/sad/10_image0024057.jpg
keras,123,11,10,2,23,8272,train/sad/15_image0020202.jpg
keras,123,11,10,2,24,4398,train/fear/15_image0035738.jpg
keras,123,11,10,2,25,1732,train/contempt/15_image0016547.jpg
keras,123,11,10,2,26,8966,train/surprise/10_ffhq_24.png
keras,123,11,10,2,27,500,train/anger/15_image0010836.jpg
keras,123,11,10,2,28,3632,train/disgust/5_image0038838.jpg
keras,123,11,10,2,29,4020,train/fear/10_image0036695.jpg
keras,123,11,10,2,30,7525,train/neutral/5_ffhq_4374.png
keras,123,11,10,2,31,1966,train/contempt/15_image0038591.jpg
keras,123,11,10,3,0,9093,train/surprise/10_image0016916.jpg
keras,123,11,10,3,1,5315,train/happy/10_ffhq_3602.png
keras,123,11,10,3,2,3561,train/disgust/5_image0036574.jpg
keras,123,11,10,3,3,1453,train/contempt/10_image0035035.jpg
keras,123,11,10,3,4,9416,train/surprise/15_ffhq_590.png
keras,123,11,10,3,5,3336,train/disgust/15_image0041753.jpg
keras,123,11,10,3,6,811,train/anger/15_image0029355.jpg
keras,123,11,10,3,7,8559,train/sad/5_image0004490.jpg
keras,123,11,10,3,8,3573,train/disgust/5_image0037050.jpg
keras,123,11,10,3,9,1717,train/contempt/15_image0010927.jpg
keras,123,11,10,3,10,8106,train/sad/15_image0005386.jpg
keras,123,11,10,3,11,4690,train/fear/5_image0025349.jpg
keras,123,11,10,3,12,5989,train/happy/5_ffhq_1349.png
keras,123,11,10,3,13,400,train/anger/10_image0029107.jpg
keras,123,11,10,3,14,1196,train/anger/5_image0027698.jpg
keras,123,11,10,3,15,4486,train/fear/15_image0038480.jpg
keras,123,11,10,3,16,1308,train/contempt/10_image0010401.jpg
keras,123,11,10,3,17,3076,train/disgust/15_image0032444.jpg
keras,123,11,10,3,18,4730,train/fear/5_image0030680.jpg
keras,123,11,10,3,19,2655,train/disgust/10_image0031101.jpg
keras,123,11,10,3,20,993,train/anger/5_image0018175.jpg
keras,123,11,10,3,21,4,train/anger/10_image0000602.jpg
keras,123,11,10,3,22,8830,train/sad/5_image0025926.jpg
keras,123,11,10,3,23,4592,train/fear/15_image0040712.jpg
keras,123,11,10,3,24,83,train/anger/10_image0011726.jpg
keras,123,11,10,3,25,10181,train/surprise/5_image0032928.jpg
keras,123,11,10,3,26,9088,train/surprise/10_image0016063.jpg
keras,123,11,10,3,27,8683,train/sad/5_image0017238.jpg
keras,123,11,10,3,28,7515,train/neutral/5_ffhq_433.png
keras,123,11,10,3,29,5276,train/happy/10_ffhq_31.png
keras,123,11,10,3,30,3615,train/disgust/5_image0038319.jpg
keras,123,11,10,3,31,4530,train/fear/15_image0039399.jpg
