checkpoint,optimizer_step,anchor,free_before_weight_relative_l2_mean,free_post_weight_relative_l2_mean,free_weight_delta_mean,free_gradient_relative_l2_mean,free_update_relative_l2_mean,resync_gradient_relative_l2_mean,resync_gradient_cosine_mean,resync_update_relative_l2_mean,resync_post_weight_relative_l2_mean,resync_bn_mean_relative_l2_mean,resync_bn_variance_relative_l2_mean,probe_config_sha256
initial,0,shared,0.0,0.00013487009978105933,0.00013487009978105933,0.0004614201655392894,0.0065257220571828265,0.0004614201655392894,0.9999998922144261,0.0065257220571828265,0.00013487009978105933,9.711173046009844e-08,1.826879334386578e-09,78ea727f644aab59e6e14a058bcd60bf92f258ba5a08c8172b06295d255f9b42
after_first_step,1,keras,8.151302217051831e-05,0.00019573822177431028,0.00011422519960379196,0.005087225096688398,0.0123112699859872,8.192080371850192e-05,0.9999999924311224,0.00016824963751753828,2.4023778830457033e-06,6.043286342014618e-08,1.8394216829284978e-09,78ea727f644aab59e6e14a058bcd60bf92f258ba5a08c8172b06295d255f9b42
after_first_step,1,pytorch,8.151302217051831e-05,0.00019573822177431028,0.00011422519960379196,0.005087225096688398,0.0123112699859872,9.625935387224066e-05,0.9999999914691773,0.00030379288024885823,4.340032662846188e-06,5.3889995362127334e-08,9.196904506383914e-10,78ea727f644aab59e6e14a058bcd60bf92f258ba5a08c8172b06295d255f9b42
epoch_001,321,keras,0.1822883788559648,0.1828200326122774,0.0005316537563125797,0.7776257815246241,1.063806359478073,1.7403418893708565e-05,0.9999999998102581,5.174142175040483e-06,2.2381006811666826e-08,6.0945037978996395e-09,7.87435088449785e-09,78ea727f644aab59e6e14a058bcd60bf92f258ba5a08c8172b06295d255f9b42
epoch_001,321,pytorch,0.1822883788559648,0.1828200326122774,0.0005316537563125797,0.7776257815246241,1.063806359478073,1.878063858423584e-05,0.999999999785846,2.4336858492809036e-06,1.3454227812187056e-08,5.26386270270633e-09,2.400127258152596e-09,78ea727f644aab59e6e14a058bcd60bf92f258ba5a08c8172b06295d255f9b42
epoch_005,1605,keras,0.5522059880927263,0.5524094037298674,0.00020341563714106523,0.8535667918062418,1.1415276225717614,3.8404693439482255e-05,0.9999999986823026,3.9618827130367994e-05,1.5146424574767072e-07,5.875517100769542e-09,5.684323097623654e-09,78ea727f644aab59e6e14a058bcd60bf92f258ba5a08c8172b06295d255f9b42
epoch_005,1605,pytorch,0.5522059880927263,0.5524094037298674,0.00020341563714106523,0.8535667918062418,1.1415276225717614,5.4310820317214974e-05,0.9999999963764905,3.127526198941547e-05,1.2941605316664598e-07,7.102299692239912e-09,3.853568061610375e-09,78ea727f644aab59e6e14a058bcd60bf92f258ba5a08c8172b06295d255f9b42
epoch_010,3210,keras,0.77591569566839,0.7760130202411989,9.732457280890265e-05,0.8863158267789725,1.193070130280245,8.791187955643826e-06,0.9999999999605721,1.2972000781257782e-06,1.1336749263364055e-08,3.4668296918849905e-09,3.663586559857806e-09,78ea727f644aab59e6e14a058bcd60bf92f258ba5a08c8172b06295d255f9b42
epoch_010,3210,pytorch,0.77591569566839,0.7760130202411989,9.732457280890265e-05,0.8863158267789725,1.193070130280245,3.4875243422030173e-05,0.9999999987748951,8.778407878742111e-05,2.607089968394438e-07,4.061292265019545e-09,7.112811868338164e-09,78ea727f644aab59e6e14a058bcd60bf92f258ba5a08c8172b06295d255f9b42
epoch_020,6420,keras,0.991490365321968,0.9915154212954427,2.50559734746858e-05,0.9107772557283957,1.2686973443294935,0.0001041777541898449,0.9999999924846449,0.00023205263833244352,6.919951428339008e-07,7.626289761353941e-09,5.464854480967823e-09,78ea727f644aab59e6e14a058bcd60bf92f258ba5a08c8172b06295d255f9b42
epoch_020,6420,pytorch,0.991490365321968,0.9915154212954427,2.50559734746858e-05,0.9107772557283957,1.2686973443294935,1.207315752146805e-05,0.9999999999138988,3.6799956990744124e-06,1.6027522674592093e-08,6.853972846527988e-09,2.8648983100186215e-09,78ea727f644aab59e6e14a058bcd60bf92f258ba5a08c8172b06295d255f9b42
epoch_030,9630,keras,1.0975707660695961,1.0975965148050164,2.5748735420346353e-05,1.0517728746647284,1.2962592528702321,0.00028479055209927373,0.9999999083075884,0.00015091287663397156,3.7828673446159716e-07,3.870929861533749e-09,3.595011847008197e-09,78ea727f644aab59e6e14a058bcd60bf92f258ba5a08c8172b06295d255f9b42
epoch_030,9630,pytorch,1.0975707660695961,1.0975965148050164,2.5748735420346353e-05,1.0517728746647284,1.2962592528702321,8.411436317328116e-06,0.9999999999652269,8.76907020188908e-07,8.667165884126514e-09,4.33834865877842e-09,5.39604223182993e-09,78ea727f644aab59e6e14a058bcd60bf92f258ba5a08c8172b06295d255f9b42
