case_id,seed,checkpoint,optimizer_step,anchor,full_state_sync_exact,first_nonzero_forward_stage,largest_forward_rel_l2_stage,largest_forward_rel_l2,forward_relative_l2_progression,loss_keras,loss_pytorch,loss_abs_diff,loss_relative_diff,first_nonzero_backward_stage,largest_activation_gradient_stage,largest_activation_gradient_rel_l2,largest_parameter_gradient_group,largest_parameter_gradient_rel_l2,lowest_gradient_cosine_group,lowest_gradient_cosine,largest_update_group,largest_update_rel_l2,global_gradient_rel_l2,global_update_rel_l2,global_post_weight_rel_l2,bn_running_mean_rel_l2,bn_running_variance_rel_l2,nan_or_inf
seed42_initial_shared,42,initial,0,shared,True,bn1_batch_mean,bn4_x_hat,5.815170009678242e-07,"{""input"":0.0,""conv1"":0.0,""bn1_input"":0.0,""bn1_batch_mean"":6.380621767318227e-08,""bn1_batch_variance"":3.9141990042940015e-08,""bn1_x_hat"":1.118150657714981e-07,""bn1_output"":1.118150657714981e-07,""relu1"":1.0323562826908533e-07,""pool1"":9.722535838380635e-08,""conv2"":1.5808499234315991e-07,""bn2_input"":1.5808499234315991e-07,""bn2_batch_mean"":1.1386971032505089e-07,""bn2_batch_variance"":6.269778334349733e-08,""bn2_x_hat"":2.1450242525942558e-07,""bn2_output"":2.1450242525942558e-07,""relu2"":2.143888840235316e-07,""pool2"":1.9417272886265334e-07,""conv3"":2.7732579622373725e-07,""bn3_input"":2.7732579622373725e-07,""bn3_batch_mean"":9.46555350732417e-08,""bn3_batch_variance"":7.496277723164241e-08,""bn3_x_hat"":3.685539778982319e-07,""bn3_output"":3.685539778982319e-07,""relu3"":3.69727352825199e-07,""pool3"":3.187654979193296e-07,""conv4"":4.558475346260441e-07,""bn4_input"":4.558475346260441e-07,""bn4_batch_mean"":1.0006213159159085e-07,""bn4_batch_variance"":7.86716751129664e-08,""bn4_x_hat"":5.815170009678242e-07,""bn4_output"":5.815170009678242e-07,""relu4"":5.806293261469448e-07,""pool4"":4.831275023669464e-07,""gap"":1.2678308783426088e-07,""fc128"":2.570543039422266e-07,""fc128_relu"":2.4388104689337425e-07,""logits"":2.416337461070532e-07,""loss"":0.0}",2.8279647827148438,2.8279647827148438,0.0,0.0,logits,conv1,0.006532686733603834,conv1/kernel,0.001834608743339229,conv1/kernel,0.9999987444428577,conv2/kernel,0.034797213665532234,0.0005326143344849774,0.014252392494621334,0.00029459765012591975,1.0551507342670599e-07,0.0,False
seed123_initial_shared,123,initial,0,shared,True,bn1_batch_mean,relu4,5.808505054327794e-07,"{""input"":0.0,""conv1"":0.0,""bn1_input"":0.0,""bn1_batch_mean"":5.73941524174151e-08,""bn1_batch_variance"":6.364468626314104e-08,""bn1_x_hat"":1.0540195926671507e-07,""bn1_output"":1.0540195926671507e-07,""relu1"":1.07018796529538e-07,""pool1"":1.0300497331413287e-07,""conv2"":1.5057336823129698e-07,""bn2_input"":1.5057336823129698e-07,""bn2_batch_mean"":1.33535580082309e-07,""bn2_batch_variance"":1.1324282243817695e-07,""bn2_x_hat"":2.0822146590465323e-07,""bn2_output"":2.0822146590465323e-07,""relu2"":2.1323516740566701e-07,""pool2"":1.9448263078107663e-07,""conv3"":2.7361939901200614e-07,""bn3_input"":2.7361939901200614e-07,""bn3_batch_mean"":8.40113039327001e-08,""bn3_batch_variance"":9.333598217196398e-08,""bn3_x_hat"":3.685558807491714e-07,""bn3_output"":3.685558807491714e-07,""relu3"":3.693802547272147e-07,""pool3"":3.243407371302087e-07,""conv4"":4.2668307255018107e-07,""bn4_input"":4.2668307255018107e-07,""bn4_batch_mean"":7.433487195884317e-08,""bn4_batch_variance"":8.754517482645358e-08,""bn4_x_hat"":5.803527962198008e-07,""bn4_output"":5.803527962198008e-07,""relu4"":5.808505054327794e-07,""pool4"":4.864661600420337e-07,""gap"":1.3096396785533982e-07,""fc128"":2.573653578223517e-07,""fc128_relu"":2.578632849035458e-07,""logits"":1.8941364482313964e-07,""loss"":0.0}",2.748014450073242,2.748014450073242,0.0,0.0,logits,bn1,0.004385988223148837,conv1/kernel,0.0008909069479181567,bn2/beta,0.9999996698607941,conv2/kernel,0.02475335612168463,0.000371916657924113,0.005226172771373909,0.00010797171326489894,8.463967917487492e-08,2.740392028179987e-09,False
seed2026_initial_shared,2026,initial,0,shared,True,bn1_batch_mean,relu4,5.771150219637346e-07,"{""input"":0.0,""conv1"":0.0,""bn1_input"":0.0,""bn1_batch_mean"":5.768457854305054e-08,""bn1_batch_variance"":2.1319985283889296e-08,""bn1_x_hat"":1.0188887235283634e-07,""bn1_output"":1.0188887235283634e-07,""relu1"":1.027773594583629e-07,""pool1"":9.980417934587067e-08,""conv2"":1.564511191463284e-07,""bn2_input"":1.564511191463284e-07,""bn2_batch_mean"":1.4746815769977912e-07,""bn2_batch_variance"":1.232683962335168e-07,""bn2_x_hat"":2.023242822905374e-07,""bn2_output"":2.023242822905374e-07,""relu2"":2.0103932242186387e-07,""pool2"":1.8646105846606454e-07,""conv3"":2.7302958966772517e-07,""bn3_input"":2.7302958966772517e-07,""bn3_batch_mean"":9.624535825252276e-08,""bn3_batch_variance"":7.020681990146759e-08,""bn3_x_hat"":3.6132086998316807e-07,""bn3_output"":3.6132086998316807e-07,""relu3"":3.60598310008254e-07,""pool3"":3.1138964941409634e-07,""conv4"":4.4099753011082916e-07,""bn4_input"":4.4099753011082916e-07,""bn4_batch_mean"":8.876608785526772e-08,""bn4_batch_variance"":8.440393196066418e-08,""bn4_x_hat"":5.754048285837245e-07,""bn4_output"":5.754048285837245e-07,""relu4"":5.771150219637346e-07,""pool4"":4.819124499160456e-07,""gap"":1.259415578241432e-07,""fc128"":2.6713391673863015e-07,""fc128_relu"":2.8654159393005126e-07,""logits"":5.022517805181179e-07,""loss"":0.0}",2.154595375061035,2.154595375061035,0.0,0.0,logits,bn1,0.002263783422143765,bn2/beta,0.0011169619181816022,bn2/beta,0.9999993853726884,conv3/kernel,0.00019444480533361248,0.0004797295042087778,9.860090555323582e-05,2.0409359523592764e-06,1.011804387787144e-07,2.7402459749797468e-09,False
seed42_epoch_001_keras,42,epoch_001,321,keras,True,bn1_batch_mean,bn4_output,2.5144053748771794e-07,"{""input"":0.0,""conv1"":0.0,""bn1_input"":0.0,""bn1_batch_mean"":4.4291146083245825e-08,""bn1_batch_variance"":2.488291965728555e-08,""bn1_x_hat"":8.536182333675177e-08,""bn1_output"":8.602260260751024e-08,""relu1"":8.442665276320031e-08,""pool1"":7.913580089693092e-08,""conv2"":1.0833753226403413e-07,""bn2_input"":1.0833753226403413e-07,""bn2_batch_mean"":7.661305837056053e-08,""bn2_batch_variance"":6.670282426876744e-08,""bn2_x_hat"":1.4787521728010957e-07,""bn2_output"":1.4846565129796812e-07,""relu2"":1.3948257499501312e-07,""pool2"":1.2985393443103147e-07,""conv3"":1.5465850024458367e-07,""bn3_input"":1.5465850024458367e-07,""bn3_batch_mean"":6.179897838249098e-08,""bn3_batch_variance"":6.055752191272525e-08,""bn3_x_hat"":2.0966040718267584e-07,""bn3_output"":2.1025522938008262e-07,""relu3"":2.0430913949366598e-07,""pool3"":1.8223053064298922e-07,""conv4"":1.8063193150294806e-07,""bn4_input"":1.8063193150294806e-07,""bn4_batch_mean"":6.609370522720747e-08,""bn4_batch_variance"":6.262379196499895e-08,""bn4_x_hat"":2.5119114636322413e-07,""bn4_output"":2.5144053748771794e-07,""relu4"":2.3143439675499296e-07,""pool4"":1.989725073288623e-07,""gap"":9.409445135041471e-08,""fc128"":1.534896086582168e-07,""fc128_relu"":1.616893252218981e-07,""logits"":1.6380615163511517e-07,""loss"":0.0}",1.8844759464263916,1.8844759464263916,0.0,0.0,logits,bn2,0.0006027641267147175,bn1/beta,5.535275059746275e-05,bn1/beta,0.999999998504007,bn1/beta,2.6447234056497422e-05,7.848751708131254e-06,1.3747042953454253e-06,1.068835962006983e-08,3.419580459771859e-09,8.402067599281838e-09,False
seed42_epoch_001_pytorch,42,epoch_001,321,pytorch,True,bn1_batch_mean,bn4_output,2.4557105009049096e-07,"{""input"":0.0,""conv1"":0.0,""bn1_input"":0.0,""bn1_batch_mean"":6.062903449101924e-08,""bn1_batch_variance"":1.0144422991369543e-07,""bn1_x_hat"":9.506255033136701e-08,""bn1_output"":9.596777124822394e-08,""relu1"":1.0440713935548885e-07,""pool1"":9.694327209596103e-08,""conv2"":1.2081227762252195e-07,""bn2_input"":1.2081227762252195e-07,""bn2_batch_mean"":9.479066288980453e-08,""bn2_batch_variance"":8.698794153068238e-08,""bn2_x_hat"":1.6221684805650063e-07,""bn2_output"":1.6302562322740397e-07,""relu2"":1.5425448773114647e-07,""pool2"":1.4202197254306266e-07,""conv3"":1.6057425684659121e-07,""bn3_input"":1.6057425684659121e-07,""bn3_batch_mean"":6.650766532719259e-08,""bn3_batch_variance"":6.22725999463887e-08,""bn3_x_hat"":2.118616346598436e-07,""bn3_output"":2.1235793443064944e-07,""relu3"":2.0509103577701277e-07,""pool3"":1.839665273705702e-07,""conv4"":1.7674469153621985e-07,""bn4_input"":1.7674469153621985e-07,""bn4_batch_mean"":6.057452635707108e-08,""bn4_batch_variance"":5.838731963996403e-08,""bn4_x_hat"":2.4528890595818897e-07,""bn4_output"":2.4557105009049096e-07,""relu4"":2.2902003480875827e-07,""pool4"":1.972228072967126e-07,""gap"":9.835911545805708e-08,""fc128"":1.6100005332543155e-07,""fc128_relu"":1.74679744093242e-07,""logits"":1.649012155686779e-07,""loss"":0.0}",1.9117953777313232,1.9117953777313232,0.0,0.0,logits,bn2,0.003559752299857042,bn1/beta,7.201397347940092e-05,bn1/beta,0.9999999974154984,bn1/beta,3.542527775413921e-05,2.8112949821180086e-05,4.7223389315632485e-06,1.9496291063766548e-08,2.464336927078745e-09,3.658597313205863e-09,False
seed123_epoch_030_keras,123,epoch_030,9630,keras,True,bn1_batch_mean,bn4_x_hat,3.586871555678882e-07,"{""input"":0.0,""conv1"":0.0,""bn1_input"":0.0,""bn1_batch_mean"":6.524476508344129e-08,""bn1_batch_variance"":8.136717942639574e-08,""bn1_x_hat"":8.618029874388798e-08,""bn1_output"":7.830153716227147e-08,""relu1"":7.643517622062686e-08,""pool1"":7.021496725836077e-08,""conv2"":8.281910134513238e-08,""bn2_input"":8.281910134513238e-08,""bn2_batch_mean"":4.557403224684899e-08,""bn2_batch_variance"":6.125026705689623e-08,""bn2_x_hat"":1.4175543766911618e-07,""bn2_output"":1.3690679950261808e-07,""relu2"":1.8664771944490525e-07,""pool2"":1.6863126056131705e-07,""conv3"":1.5716361898367202e-07,""bn3_input"":1.5716361898367202e-07,""bn3_batch_mean"":8.343414482916032e-08,""bn3_batch_variance"":7.093246127098145e-08,""bn3_x_hat"":2.189090046574684e-07,""bn3_output"":1.8843391933171565e-07,""relu3"":3.5125402900176403e-07,""pool3"":3.19856728637423e-07,""conv4"":3.206921913732079e-07,""bn4_input"":3.206921913732079e-07,""bn4_batch_mean"":1.8550547289347612e-07,""bn4_batch_variance"":6.926726037560078e-08,""bn4_x_hat"":3.586871555678882e-07,""bn4_output"":3.545269811527693e-07,""relu4"":3.4441618277760317e-07,""pool4"":2.8301263385140926e-07,""gap"":1.1126501901568615e-07,""fc128"":1.34581782437863e-07,""fc128_relu"":2.2277242339452378e-07,""logits"":1.877513253758106e-07,""loss"":6.465510831605641e-08}",0.9218860268592834,0.9218860864639282,5.960464477539063e-08,6.465510831605641e-08,logits,bn3,0.00027046965117408103,conv2/kernel,0.00027688363880540816,conv2/kernel,0.9999999616679177,conv3/kernel,9.40986714874268e-05,0.00011431705923380379,4.453201868011935e-05,1.1904399611062126e-07,1.639341557901772e-09,3.3907407506598635e-09,False
seed123_epoch_030_pytorch,123,epoch_030,9630,pytorch,True,bn1_batch_mean,relu3,3.705817021843399e-07,"{""input"":0.0,""conv1"":0.0,""bn1_input"":0.0,""bn1_batch_mean"":5.2563246846233214e-08,""bn1_batch_variance"":6.925997558771863e-08,""bn1_x_hat"":9.265788472772322e-08,""bn1_output"":8.157567602560356e-08,""relu1"":8.176671975323092e-08,""pool1"":7.615052598034466e-08,""conv2"":9.206160192867401e-08,""bn2_input"":9.206160192867401e-08,""bn2_batch_mean"":7.928376650609436e-08,""bn2_batch_variance"":8.2059105818714e-08,""bn2_x_hat"":1.5389499440915254e-07,""bn2_output"":1.4737446827439882e-07,""relu2"":2.026573962503686e-07,""pool2"":1.832566123138545e-07,""conv3"":1.634278404187086e-07,""bn3_input"":1.634278404187086e-07,""bn3_batch_mean"":8.813251870138983e-08,""bn3_batch_variance"":6.368503922610991e-08,""bn3_x_hat"":2.2961388001692273e-07,""bn3_output"":1.9612412731707913e-07,""relu3"":3.705817021843399e-07,""pool3"":3.402435669245279e-07,""conv4"":3.283132853725512e-07,""bn4_input"":3.283132853725512e-07,""bn4_batch_mean"":1.6409457750280221e-07,""bn4_batch_variance"":6.803741830892218e-08,""bn4_x_hat"":3.6810133701967425e-07,""bn4_output"":3.6298877006449365e-07,""relu4"":3.553644200243576e-07,""pool4"":2.92740070648515e-07,""gap"":1.1560899651642472e-07,""fc128"":1.4731372647174722e-07,""fc128_relu"":2.3952408097860527e-07,""logits"":2.0114651985856445e-07,""loss"":1.318544885509429e-07}",0.9040971994400024,0.904097318649292,1.1920928955078125e-07,1.318544885509429e-07,logits,bn1,0.0003030390483397544,conv1/kernel,1.3504753526581069e-05,conv1/kernel,0.9999999999109157,conv1/kernel,5.503158311174601e-06,9.263951963850614e-06,8.025054148419922e-07,8.31280469632272e-09,6.985560129608922e-09,1.028670677824851e-08,False
seed2026_epoch_030_keras,2026,epoch_030,9630,keras,True,bn1_batch_mean,relu3,3.735253653156506e-07,"{""input"":0.0,""conv1"":0.0,""bn1_input"":0.0,""bn1_batch_mean"":7.623427495876209e-08,""bn1_batch_variance"":4.143359751837991e-08,""bn1_x_hat"":8.779045512460444e-08,""bn1_output"":7.57876474718046e-08,""relu1"":7.514543870639734e-08,""pool1"":6.840876319980377e-08,""conv2"":8.568965221608454e-08,""bn2_input"":8.568965221608454e-08,""bn2_batch_mean"":5.565431873869171e-08,""bn2_batch_variance"":5.375759789117206e-08,""bn2_x_hat"":1.507978997348287e-07,""bn2_output"":1.4371630349219383e-07,""relu2"":1.9670133548120376e-07,""pool2"":1.7722782596109825e-07,""conv3"":1.6954531264521853e-07,""bn3_input"":1.6954531264521853e-07,""bn3_batch_mean"":7.379878415651281e-08,""bn3_batch_variance"":6.296357099140481e-08,""bn3_x_hat"":2.3177905215800217e-07,""bn3_output"":1.9300979178869828e-07,""relu3"":3.735253653156506e-07,""pool3"":3.4270362774801e-07,""conv4"":3.3408251344226814e-07,""bn4_input"":3.3408251344226814e-07,""bn4_batch_mean"":1.6872813042745777e-07,""bn4_batch_variance"":7.164298642346258e-08,""bn4_x_hat"":3.6704257831277837e-07,""bn4_output"":3.6240681793051574e-07,""relu4"":3.522307757028564e-07,""pool4"":2.88800080574039e-07,""gap"":1.1356811736185654e-07,""fc128"":1.3633646855581607e-07,""fc128_relu"":2.2360106008261853e-07,""logits"":1.7284694123665996e-07,""loss"":1.24850288897326e-07}",0.9548178911209106,0.9548177719116211,1.1920928955078125e-07,1.24850288897326e-07,logits,bn2,0.004552877633884189,conv4/kernel,0.001297500672430103,conv4/kernel,0.9999991582817765,conv1/kernel,0.0004383775167729184,0.0007338646859355479,0.00040700358812013405,1.005878953903149e-06,8.80500188791051e-09,0.0,False
seed2026_epoch_030_pytorch,2026,epoch_030,9630,pytorch,True,bn1_batch_mean,bn4_x_hat,3.6793188845475066e-07,"{""input"":0.0,""conv1"":0.0,""bn1_input"":0.0,""bn1_batch_mean"":4.8558868820117975e-08,""bn1_batch_variance"":6.181021544869112e-08,""bn1_x_hat"":7.724643046486624e-08,""bn1_output"":7.038089513328256e-08,""relu1"":7.362840878516971e-08,""pool1"":6.941779733411908e-08,""conv2"":8.528382086983414e-08,""bn2_input"":8.528382086983414e-08,""bn2_batch_mean"":6.520169729695827e-08,""bn2_batch_variance"":6.609010969002384e-08,""bn2_x_hat"":1.4977643034517787e-07,""bn2_output"":1.411394458794842e-07,""relu2"":2.002517804948485e-07,""pool2"":1.8223035427676023e-07,""conv3"":1.7619810222928187e-07,""bn3_input"":1.7619810222928187e-07,""bn3_batch_mean"":8.063280274647489e-08,""bn3_batch_variance"":5.970931436535182e-08,""bn3_x_hat"":2.417324315946059e-07,""bn3_output"":2.023940451819139e-07,""relu3"":3.663039994184727e-07,""pool3"":3.360219945490184e-07,""conv4"":3.2314674355405274e-07,""bn4_input"":3.2314674355405274e-07,""bn4_batch_mean"":1.0686841681781611e-07,""bn4_batch_variance"":7.756294883725724e-08,""bn4_x_hat"":3.6793188845475066e-07,""bn4_output"":3.634380015611061e-07,""relu4"":3.5302511747112936e-07,""pool4"":2.898879769814793e-07,""gap"":1.1396084921072816e-07,""fc128"":1.425217544769929e-07,""fc128_relu"":2.445182071971948e-07,""logits"":1.9146050587410354e-07,""loss"":1.2136817862288867e-07}",0.9822119474411011,0.9822120666503906,1.1920928955078125e-07,1.2136817862288867e-07,logits,bn2,7.52886666429891e-05,conv1/kernel,1.1055857892156608e-05,conv1/kernel,0.9999999999433706,conv1/kernel,1.5116885749463554e-05,9.165933633299164e-06,8.530079562315913e-07,8.23222227788279e-09,3.5698305302800974e-09,3.59734080883089e-09,False
