seed,layer,keras_hash,pytorch_hash,canonical_hash,max_abs_diff,mean_abs_diff,mse,match
42,conv1/kernel,4503a04279ce116cd667719748c420b3f63ab44a3b77634601ab1b4c39f9148b,4503a04279ce116cd667719748c420b3f63ab44a3b77634601ab1b4c39f9148b,4503a04279ce116cd667719748c420b3f63ab44a3b77634601ab1b4c39f9148b,0.0,0.0,0.0,True
42,bn1/gamma,b638277a8690e175a9137feff1e43c067f9faf4e2f600caf468fb05b0403b717,b638277a8690e175a9137feff1e43c067f9faf4e2f600caf468fb05b0403b717,b638277a8690e175a9137feff1e43c067f9faf4e2f600caf468fb05b0403b717,0.0,0.0,0.0,True
42,bn1/beta,38723a2e5e8a17aa7950dc008209944e898f69a7bd10a23c839d341e935fd5ca,38723a2e5e8a17aa7950dc008209944e898f69a7bd10a23c839d341e935fd5ca,38723a2e5e8a17aa7950dc008209944e898f69a7bd10a23c839d341e935fd5ca,0.0,0.0,0.0,True
42,bn1/mean,38723a2e5e8a17aa7950dc008209944e898f69a7bd10a23c839d341e935fd5ca,38723a2e5e8a17aa7950dc008209944e898f69a7bd10a23c839d341e935fd5ca,38723a2e5e8a17aa7950dc008209944e898f69a7bd10a23c839d341e935fd5ca,0.0,0.0,0.0,True
42,bn1/variance,b638277a8690e175a9137feff1e43c067f9faf4e2f600caf468fb05b0403b717,b638277a8690e175a9137feff1e43c067f9faf4e2f600caf468fb05b0403b717,b638277a8690e175a9137feff1e43c067f9faf4e2f600caf468fb05b0403b717,0.0,0.0,0.0,True
42,conv2/kernel,7cd9181ac5985007a754ddcafbda0fa39aef7b7807af04db673ea7f73a4f14e4,7cd9181ac5985007a754ddcafbda0fa39aef7b7807af04db673ea7f73a4f14e4,7cd9181ac5985007a754ddcafbda0fa39aef7b7807af04db673ea7f73a4f14e4,0.0,0.0,0.0,True
42,bn2/gamma,2f20cd03c9cd392a406c56232b0ff93a15f6d6d7da79086bfa14f55d4a4031b0,2f20cd03c9cd392a406c56232b0ff93a15f6d6d7da79086bfa14f55d4a4031b0,2f20cd03c9cd392a406c56232b0ff93a15f6d6d7da79086bfa14f55d4a4031b0,0.0,0.0,0.0,True
42,bn2/beta,5341e6b2646979a70e57653007a1f310169421ec9bdd9f1a5648f75ade005af1,5341e6b2646979a70e57653007a1f310169421ec9bdd9f1a5648f75ade005af1,5341e6b2646979a70e57653007a1f310169421ec9bdd9f1a5648f75ade005af1,0.0,0.0,0.0,True
42,bn2/mean,5341e6b2646979a70e57653007a1f310169421ec9bdd9f1a5648f75ade005af1,5341e6b2646979a70e57653007a1f310169421ec9bdd9f1a5648f75ade005af1,5341e6b2646979a70e57653007a1f310169421ec9bdd9f1a5648f75ade005af1,0.0,0.0,0.0,True
42,bn2/variance,2f20cd03c9cd392a406c56232b0ff93a15f6d6d7da79086bfa14f55d4a4031b0,2f20cd03c9cd392a406c56232b0ff93a15f6d6d7da79086bfa14f55d4a4031b0,2f20cd03c9cd392a406c56232b0ff93a15f6d6d7da79086bfa14f55d4a4031b0,0.0,0.0,0.0,True
42,conv3/kernel,8e7b4a9529e4ee5d1f357b609375b4d1397abca881b153e8969ca5f712a947cd,8e7b4a9529e4ee5d1f357b609375b4d1397abca881b153e8969ca5f712a947cd,8e7b4a9529e4ee5d1f357b609375b4d1397abca881b153e8969ca5f712a947cd,0.0,0.0,0.0,True
42,bn3/gamma,02722f124d0f1736a9dd7c4ddcd05630dcf16ee1ce3454e9a876005ce005d4ac,02722f124d0f1736a9dd7c4ddcd05630dcf16ee1ce3454e9a876005ce005d4ac,02722f124d0f1736a9dd7c4ddcd05630dcf16ee1ce3454e9a876005ce005d4ac,0.0,0.0,0.0,True
42,bn3/beta,076a27c79e5ace2a3d47f9dd2e83e4ff6ea8872b3c2218f66c92b89b55f36560,076a27c79e5ace2a3d47f9dd2e83e4ff6ea8872b3c2218f66c92b89b55f36560,076a27c79e5ace2a3d47f9dd2e83e4ff6ea8872b3c2218f66c92b89b55f36560,0.0,0.0,0.0,True
42,bn3/mean,076a27c79e5ace2a3d47f9dd2e83e4ff6ea8872b3c2218f66c92b89b55f36560,076a27c79e5ace2a3d47f9dd2e83e4ff6ea8872b3c2218f66c92b89b55f36560,076a27c79e5ace2a3d47f9dd2e83e4ff6ea8872b3c2218f66c92b89b55f36560,0.0,0.0,0.0,True
42,bn3/variance,02722f124d0f1736a9dd7c4ddcd05630dcf16ee1ce3454e9a876005ce005d4ac,02722f124d0f1736a9dd7c4ddcd05630dcf16ee1ce3454e9a876005ce005d4ac,02722f124d0f1736a9dd7c4ddcd05630dcf16ee1ce3454e9a876005ce005d4ac,0.0,0.0,0.0,True
42,conv4/kernel,32b403932015bf052d16c677f6de173412d719ca4bec11fadd6c0805102ce629,32b403932015bf052d16c677f6de173412d719ca4bec11fadd6c0805102ce629,32b403932015bf052d16c677f6de173412d719ca4bec11fadd6c0805102ce629,0.0,0.0,0.0,True
42,bn4/gamma,893a106828fbdb9521e1d868c985aab7ad2ae2f606edc55329265a5e7676006c,893a106828fbdb9521e1d868c985aab7ad2ae2f606edc55329265a5e7676006c,893a106828fbdb9521e1d868c985aab7ad2ae2f606edc55329265a5e7676006c,0.0,0.0,0.0,True
42,bn4/beta,5f70bf18a086007016e948b04aed3b82103a36bea41755b6cddfaf10ace3c6ef,5f70bf18a086007016e948b04aed3b82103a36bea41755b6cddfaf10ace3c6ef,5f70bf18a086007016e948b04aed3b82103a36bea41755b6cddfaf10ace3c6ef,0.0,0.0,0.0,True
42,bn4/mean,5f70bf18a086007016e948b04aed3b82103a36bea41755b6cddfaf10ace3c6ef,5f70bf18a086007016e948b04aed3b82103a36bea41755b6cddfaf10ace3c6ef,5f70bf18a086007016e948b04aed3b82103a36bea41755b6cddfaf10ace3c6ef,0.0,0.0,0.0,True
42,bn4/variance,893a106828fbdb9521e1d868c985aab7ad2ae2f606edc55329265a5e7676006c,893a106828fbdb9521e1d868c985aab7ad2ae2f606edc55329265a5e7676006c,893a106828fbdb9521e1d868c985aab7ad2ae2f606edc55329265a5e7676006c,0.0,0.0,0.0,True
42,fc128/kernel,0249ce9a4577b0068e070617ce025d632bcd1dd3a547d589cd27f555fa757c1b,0249ce9a4577b0068e070617ce025d632bcd1dd3a547d589cd27f555fa757c1b,0249ce9a4577b0068e070617ce025d632bcd1dd3a547d589cd27f555fa757c1b,0.0,0.0,0.0,True
42,fc128/bias,076a27c79e5ace2a3d47f9dd2e83e4ff6ea8872b3c2218f66c92b89b55f36560,076a27c79e5ace2a3d47f9dd2e83e4ff6ea8872b3c2218f66c92b89b55f36560,076a27c79e5ace2a3d47f9dd2e83e4ff6ea8872b3c2218f66c92b89b55f36560,0.0,0.0,0.0,True
42,logits/kernel,a62b1eade143eb9d77ead5f2dc2228f140982ca7bedce512675c536ba4d7a65a,a62b1eade143eb9d77ead5f2dc2228f140982ca7bedce512675c536ba4d7a65a,a62b1eade143eb9d77ead5f2dc2228f140982ca7bedce512675c536ba4d7a65a,0.0,0.0,0.0,True
42,logits/bias,66687aadf862bd776c8fc18b8e9f8e20089714856ee233b3902a591d0d5f2925,66687aadf862bd776c8fc18b8e9f8e20089714856ee233b3902a591d0d5f2925,66687aadf862bd776c8fc18b8e9f8e20089714856ee233b3902a591d0d5f2925,0.0,0.0,0.0,True
