seed,checkpoint,anchor,source_framework,probe,optimizer_step,loss_keras,loss_pytorch,loss_abs_diff,logits_max_abs_diff,logits_relative_l2,gradient_relative_l2,gradient_cosine,gradient_max_abs_diff,update_relative_l2,before_weight_relative_l2,post_weight_relative_l2,weight_divergence_delta,weight_growth_ratio,before_adam_m_relative_l2,before_adam_v_relative_l2,adam_m_relative_l2,adam_v_relative_l2,before_bn_mean_relative_l2,before_bn_variance_relative_l2,bn_mean_relative_l2,bn_variance_relative_l2,nan_or_inf,probe_config_sha256
123,initial,shared,keras,full_state_resynchronized,0,2.748014450073242,2.748014450073242,0.0,9.5367431640625e-07,1.8941364482313964e-07,0.000371916657924113,0.999999932393447,0.0008751153945922852,0.005226172771373909,0.0,0.00010797171326489894,0.00010797171326489894,,0.0,0.0,0.0003719164566962356,0.0014939792827892383,0.0,0.0,8.463967917487492e-08,2.740392028179987e-09,False,78ea727f644aab59e6e14a058bcd60bf92f258ba5a08c8172b06295d255f9b42
123,after_first_step,keras,keras,full_state_resynchronized,1,2.9278602600097656,2.9278602600097656,0.0,1.1920928955078125e-06,1.6600765596532447e-07,0.00021082583961246984,0.9999999777793878,0.00017434963956475258,0.0004447603644429902,0.0,6.362868887343413e-06,6.362868887343413e-06,,0.0,0.0,0.0001853805405187726,5.8728497184147365e-05,0.0,0.0,6.152733174771573e-08,2.7590713628804682e-09,False,78ea727f644aab59e6e14a058bcd60bf92f258ba5a08c8172b06295d255f9b42
123,after_first_step,pytorch,pytorch,full_state_resynchronized,1,2.9278416633605957,2.927841901779175,2.384185791015625e-07,7.152557373046875e-07,1.676243673684533e-07,0.00022075106439032281,0.9999999756399643,0.00017846270930022,0.0008305806737892135,0.0,1.1881903713952313e-05,1.1881903713952313e-05,,0.0,0.0,0.00019412432970290685,8.606055947872908e-05,0.0,0.0,4.778326148946833e-08,2.7590713519151743e-09,False,78ea727f644aab59e6e14a058bcd60bf92f258ba5a08c8172b06295d255f9b42
123,epoch_001,keras,keras,full_state_resynchronized,321,1.9995020627975464,1.9995020627975464,0.0,3.5762786865234375e-07,1.963927431876477e-07,2.9375032371359156e-05,0.9999999995716784,1.233816146850586e-05,7.522617401903953e-06,0.0,2.7809805566288568e-08,2.7809805566288568e-08,,0.0,0.0,1.4025283061719377e-05,1.9987329494900612e-07,0.0,0.0,1.0046241793223914e-08,9.2369715183921e-09,False,78ea727f644aab59e6e14a058bcd60bf92f258ba5a08c8172b06295d255f9b42
123,epoch_001,pytorch,pytorch,full_state_resynchronized,321,1.9712862968444824,1.9712865352630615,2.384185791015625e-07,3.8743019104003906e-07,1.881838029472828e-07,2.141986848955877e-05,0.9999999997733272,1.73225998878479e-05,1.332334166341701e-06,0.0,1.0294527246941129e-08,1.0294527246941129e-08,,0.0,0.0,8.82963313878617e-06,1.8174687010235107e-07,0.0,0.0,3.908499551507059e-09,1.5642666826179072e-09,False,78ea727f644aab59e6e14a058bcd60bf92f258ba5a08c8172b06295d255f9b42
123,epoch_005,keras,keras,full_state_resynchronized,1605,1.5647523403167725,1.5647523403167725,0.0,9.5367431640625e-07,1.151110628835345e-07,8.834602130237841e-05,0.9999999962428008,2.8878450393676758e-05,0.00011345978175803094,0.0,4.244784855151193e-07,4.244784855151193e-07,,0.0,0.0,2.8699091247018534e-05,2.890662968630914e-07,0.0,0.0,3.4805128250737246e-09,8.976594391378092e-10,False,78ea727f644aab59e6e14a058bcd60bf92f258ba5a08c8172b06295d255f9b42
123,epoch_005,pytorch,pytorch,full_state_resynchronized,1605,1.5539697408676147,1.5539697408676147,0.0,9.5367431640625e-07,1.2774187252047762e-07,1.0931871631455144e-05,0.9999999999423198,8.64267349243164e-06,1.2458361110581238e-06,0.0,1.1714632020743843e-08,1.1714632020743843e-08,,0.0,0.0,4.0862473445680285e-06,8.886077938108791e-08,0.0,0.0,7.209328344557858e-09,0.0,False,78ea727f644aab59e6e14a058bcd60bf92f258ba5a08c8172b06295d255f9b42
123,epoch_010,keras,keras,full_state_resynchronized,3210,1.5723336935043335,1.5723336935043335,0.0,1.430511474609375e-06,1.5507260679068331e-07,8.003715160966238e-06,0.9999999999680139,6.327405571937561e-06,9.238286250661595e-07,0.0,1.1185942431318103e-08,1.1185942431318103e-08,,0.0,0.0,3.442195843737243e-06,2.113418130063498e-08,0.0,0.0,3.4903550393426993e-09,0.0,False,78ea727f644aab59e6e14a058bcd60bf92f258ba5a08c8172b06295d255f9b42
123,epoch_010,pytorch,pytorch,full_state_resynchronized,3210,1.6057045459747314,1.6057045459747314,0.0,1.6689300537109375e-06,1.6480424799737046e-07,6.8010465624602336e-06,0.9999999999768692,4.447996616363525e-06,9.765127664575827e-07,0.0,1.1191153318895687e-08,1.1191153318895687e-08,,0.0,0.0,3.7946731287913014e-06,2.8845028964548423e-08,0.0,0.0,3.862168554187125e-09,6.860524912884516e-09,False,78ea727f644aab59e6e14a058bcd60bf92f258ba5a08c8172b06295d255f9b42
123,epoch_020,keras,keras,full_state_resynchronized,6420,1.0800241231918335,1.080024003982544,1.1920928955078125e-07,2.5033950805664062e-06,1.5523638124566193e-07,6.182457816117624e-05,0.9999999980890663,2.8917565941810608e-05,3.054480943107366e-06,0.0,1.3847141605276792e-08,1.3847141605276792e-08,,0.0,0.0,1.9171848700000624e-05,4.4105123698263276e-08,0.0,0.0,9.79404288137468e-09,5.814256512076061e-09,False,78ea727f644aab59e6e14a058bcd60bf92f258ba5a08c8172b06295d255f9b42
123,epoch_020,pytorch,pytorch,full_state_resynchronized,6420,1.1681678295135498,1.1681678295135498,0.0,2.86102294921875e-06,1.663239136709013e-07,1.0275679924874865e-05,0.9999999999480627,5.923211574554443e-06,8.556511195400427e-07,0.0,9.757062693665763e-09,9.757062693665763e-09,,0.0,0.0,3.6063969375785037e-06,3.469307895804053e-08,0.0,0.0,7.068159330151833e-09,0.0,False,78ea727f644aab59e6e14a058bcd60bf92f258ba5a08c8172b06295d255f9b42
123,epoch_030,keras,keras,full_state_resynchronized,9630,0.9218860268592834,0.9218860864639282,5.960464477539063e-08,1.9073486328125e-06,1.877513253758106e-07,0.00011431705923380379,0.9999999937939273,4.6754954382777214e-05,4.453201868011935e-05,0.0,1.1904399611062126e-07,1.1904399611062126e-07,,0.0,0.0,4.155461864721749e-05,2.0498885360717763e-07,0.0,0.0,1.639341557901772e-09,3.3907407506598635e-09,False,78ea727f644aab59e6e14a058bcd60bf92f258ba5a08c8172b06295d255f9b42
123,epoch_030,pytorch,pytorch,full_state_resynchronized,9630,0.9040971994400024,0.904097318649292,1.1920928955078125e-07,2.86102294921875e-06,2.0114651985856445e-07,9.263951963850614e-06,0.9999999999574714,5.6549906730651855e-06,8.025054148419922e-07,0.0,8.31280469632272e-09,8.31280469632272e-09,,0.0,0.0,2.8578885941762804e-06,3.5337465702335454e-08,0.0,0.0,6.985560129608922e-09,1.028670677824851e-08,False,78ea727f644aab59e6e14a058bcd60bf92f258ba5a08c8172b06295d255f9b42
