probe_id,batch_index,sample_id,label,tensor_hash,batch_tensor_hash,flip,rotation_degrees,augmentation_seed,augmentation_epoch,dtype,shape
exp07_fixed_probe_v1,0,train/surprise/10_image0031792.jpg,7,d3e4a12c3035b6cbe3c44e4dec77f3976a978b9189db92e9bf5e887ca7733276,c3ef4b5c6cb842154ddb03fa6cdc175dd5ab4e69a1e02f2bbc5493c3e2a48e7c,False,-3.098214776827227,7007,0,float32,128x128x3
exp07_fixed_probe_v1,1,train/surprise/5_image0024487.jpg,7,a2a026db49993e28d3606136691e82bd03a1169d47770ff216d731fd8a55bbe8,c3ef4b5c6cb842154ddb03fa6cdc175dd5ab4e69a1e02f2bbc5493c3e2a48e7c,True,-4.879859051096845,7007,0,float32,128x128x3
exp07_fixed_probe_v1,2,train/fear/10_image0037990.jpg,3,2810cab7f396a9da0eadcb4cfb246f81192f13e01591b261dd19a947f184e259,c3ef4b5c6cb842154ddb03fa6cdc175dd5ab4e69a1e02f2bbc5493c3e2a48e7c,True,-1.6909595768436194,7007,0,float32,128x128x3
exp07_fixed_probe_v1,3,train/fear/5_image0036797.jpg,3,b37a0e9644eb02ab14308973e120c7002d52b55c2c105df1ed3ff0b27b00cc59,c3ef4b5c6cb842154ddb03fa6cdc175dd5ab4e69a1e02f2bbc5493c3e2a48e7c,False,-3.382670271770211,7007,0,float32,128x128x3
exp07_fixed_probe_v1,4,train/contempt/10_image0038510.jpg,1,76ad29bac6c1adf80d709cd825d63025b2ee654b5adfc362cb972097bb9b6284,c3ef4b5c6cb842154ddb03fa6cdc175dd5ab4e69a1e02f2bbc5493c3e2a48e7c,False,3.445551178043104,7007,0,float32,128x128x3
exp07_fixed_probe_v1,5,train/disgust/10_image0033036.jpg,2,e1ab041f15e5a65b4ae8f271efeda2db9c3c70f3a0a6fe282e005fd705bee672,c3ef4b5c6cb842154ddb03fa6cdc175dd5ab4e69a1e02f2bbc5493c3e2a48e7c,True,-4.767724895399251,7007,0,float32,128x128x3
exp07_fixed_probe_v1,6,train/neutral/5_ffhq_1095.png,5,e57e2f30959e9d4d1120ecdeab9c38fcd17f3a97a76e0af5e7a93cee03dbf403,c3ef4b5c6cb842154ddb03fa6cdc175dd5ab4e69a1e02f2bbc5493c3e2a48e7c,False,-2.4347265587963713,7007,0,float32,128x128x3
exp07_fixed_probe_v1,7,train/disgust/10_image0032284.jpg,2,3da2ed4248c2c3415d54cfd5f106be125aca9e7efa386e6db5669bfff9986fd5,c3ef4b5c6cb842154ddb03fa6cdc175dd5ab4e69a1e02f2bbc5493c3e2a48e7c,False,-1.76713806628179,7007,0,float32,128x128x3
exp07_fixed_probe_v1,8,train/contempt/5_image0041622.jpg,1,06b5573a9e70fda181d1abb854479c23abd18ad295ccfdf3a0955c0f1ac956e5,c3ef4b5c6cb842154ddb03fa6cdc175dd5ab4e69a1e02f2bbc5493c3e2a48e7c,False,1.356732076726054,7007,0,float32,128x128x3
exp07_fixed_probe_v1,9,train/contempt/5_image0036423.jpg,1,1ea3c3fcb7b79a5593d6ea99dbb72a1391d3fea30317d17a6f0adbda5b0fc439,c3ef4b5c6cb842154ddb03fa6cdc175dd5ab4e69a1e02f2bbc5493c3e2a48e7c,True,3.500256919628267,7007,0,float32,128x128x3
exp07_fixed_probe_v1,10,train/anger/10_image0016981.jpg,0,c39a94654a59aae97cd8ee0d061e9ef488aad9f4532bcfc22fd1d31142ddc35c,c3ef4b5c6cb842154ddb03fa6cdc175dd5ab4e69a1e02f2bbc5493c3e2a48e7c,False,-2.890335967548568,7007,0,float32,128x128x3
exp07_fixed_probe_v1,11,train/sad/5_image0005655.jpg,6,55936b2ca69f9972e7b822bedd6bd58413c449e9de882ea46de034d6427fbd60,c3ef4b5c6cb842154ddb03fa6cdc175dd5ab4e69a1e02f2bbc5493c3e2a48e7c,False,4.2910898040027625,7007,0,float32,128x128x3
exp07_fixed_probe_v1,12,train/contempt/5_image0041894.jpg,1,3ee80cb6685ea7c9d40d1d20880a72859d1d8fea54fce1e6d9b039f2609fb394,c3ef4b5c6cb842154ddb03fa6cdc175dd5ab4e69a1e02f2bbc5493c3e2a48e7c,False,-4.686689897276786,7007,0,float32,128x128x3
exp07_fixed_probe_v1,13,train/anger/15_image0015963.jpg,0,59858c9a2bbafe05b167af8d9fcf9affa220ff8b67b5aeaa432b09e7fd8480da,c3ef4b5c6cb842154ddb03fa6cdc175dd5ab4e69a1e02f2bbc5493c3e2a48e7c,True,3.72454961884336,7007,0,float32,128x128x3
exp07_fixed_probe_v1,14,train/happy/10_ffhq_3102.png,4,a8bcf094e9461b65003e598dce0c7bab482f78805cfd9e5680bc7f3034037e8f,c3ef4b5c6cb842154ddb03fa6cdc175dd5ab4e69a1e02f2bbc5493c3e2a48e7c,False,0.9458851214168167,7007,0,float32,128x128x3
exp07_fixed_probe_v1,15,train/surprise/15_image0018423.jpg,7,0ee737ecc550e1817c3201c2e14564b19a1db2eff1bccf57b90d736104411d24,c3ef4b5c6cb842154ddb03fa6cdc175dd5ab4e69a1e02f2bbc5493c3e2a48e7c,True,-3.077713439686911,7007,0,float32,128x128x3
exp07_fixed_probe_v1,16,train/contempt/10_image0039596.jpg,1,6809864e9535dd992ad7f05d3cca3e92c81307dcc2f5756317adcdd420e307d8,c3ef4b5c6cb842154ddb03fa6cdc175dd5ab4e69a1e02f2bbc5493c3e2a48e7c,True,3.9231000919461785,7007,0,float32,128x128x3
exp07_fixed_probe_v1,17,train/contempt/15_image0020008.jpg,1,ad369ad88a14d06bd39fb1303970eccd770262ad642eb3effea50a45c9d79a5b,c3ef4b5c6cb842154ddb03fa6cdc175dd5ab4e69a1e02f2bbc5493c3e2a48e7c,True,-2.8604905066517805,7007,0,float32,128x128x3
exp07_fixed_probe_v1,18,train/disgust/10_image0039988.jpg,2,f0398cd9301f8c9e22d9e00a14f01157bc2001d4a37e2bd9189ee14fd3dc340e,c3ef4b5c6cb842154ddb03fa6cdc175dd5ab4e69a1e02f2bbc5493c3e2a48e7c,False,-1.2556463735797636,7007,0,float32,128x128x3
exp07_fixed_probe_v1,19,train/surprise/5_image0033782.jpg,7,e9196661782598d00b27a88ec9285d85f8c7b318c5ec2d2ec434b79265a1fde9,c3ef4b5c6cb842154ddb03fa6cdc175dd5ab4e69a1e02f2bbc5493c3e2a48e7c,False,4.5344458018284755,7007,0,float32,128x128x3
exp07_fixed_probe_v1,20,train/disgust/10_image0029824.jpg,2,153a8bc7a6a66c61bfc0da090c8f82d4c59f37a1a44b5e5acd1e8e6c238b5261,c3ef4b5c6cb842154ddb03fa6cdc175dd5ab4e69a1e02f2bbc5493c3e2a48e7c,False,-1.4481524563303099,7007,0,float32,128x128x3
exp07_fixed_probe_v1,21,train/fear/10_image0019492.jpg,3,3b7172ef9592e06d995481e9f8dd02ac7d2ef63354ad83b88bb78d53345e9f01,c3ef4b5c6cb842154ddb03fa6cdc175dd5ab4e69a1e02f2bbc5493c3e2a48e7c,False,-2.510949395543312,7007,0,float32,128x128x3
exp07_fixed_probe_v1,22,train/fear/5_image0028533.jpg,3,8e4d5494d39cbed65f9c9fa40c008b00694dba9a0fbaddf7e155763d39a40812,c3ef4b5c6cb842154ddb03fa6cdc175dd5ab4e69a1e02f2bbc5493c3e2a48e7c,True,-4.16765205223734,7007,0,float32,128x128x3
exp07_fixed_probe_v1,23,train/anger/10_image0024913.jpg,0,c6485438ea97b9017b05023d65eb4c4af5a968b7fd3ca427af38f325a2d77912,c3ef4b5c6cb842154ddb03fa6cdc175dd5ab4e69a1e02f2bbc5493c3e2a48e7c,False,4.008296606193092,7007,0,float32,128x128x3
exp07_fixed_probe_v1,24,train/contempt/10_image0021019.jpg,1,490f8a5053650ee9ffe5530c5287257749f5e08e6db594a5b6f2fa3218815bdd,c3ef4b5c6cb842154ddb03fa6cdc175dd5ab4e69a1e02f2bbc5493c3e2a48e7c,True,-3.071616585934625,7007,0,float32,128x128x3
exp07_fixed_probe_v1,25,train/fear/5_image0008214.jpg,3,9062483bc58e0555fcd8383c1097bcbae9f3b874cf16fb76f118e0865b9e354e,c3ef4b5c6cb842154ddb03fa6cdc175dd5ab4e69a1e02f2bbc5493c3e2a48e7c,False,-1.131003710709217,7007,0,float32,128x128x3
exp07_fixed_probe_v1,26,train/happy/10_ffhq_4077.png,4,c0aa6c64b3f1a4bb38f977d0c8cf56a246e7c50460f535a9b3ec502bd067193b,c3ef4b5c6cb842154ddb03fa6cdc175dd5ab4e69a1e02f2bbc5493c3e2a48e7c,True,-2.4662440172341875,7007,0,float32,128x128x3
exp07_fixed_probe_v1,27,train/disgust/5_image0040011.jpg,2,e7060a448dd097ef1d1d16125b67ee062e55b6a0043f4eac4d88dad35fdfa5b2,c3ef4b5c6cb842154ddb03fa6cdc175dd5ab4e69a1e02f2bbc5493c3e2a48e7c,False,-1.7609419880249226,7007,0,float32,128x128x3
exp07_fixed_probe_v1,28,train/happy/15_ffhq_1930.png,4,6b488cdea2892b3f6fc71f825aeefa823737a60ff103cfc3f29f09f8fd1c6818,c3ef4b5c6cb842154ddb03fa6cdc175dd5ab4e69a1e02f2bbc5493c3e2a48e7c,False,-4.096581562605858,7007,0,float32,128x128x3
exp07_fixed_probe_v1,29,train/anger/5_image0018156.jpg,0,c2e8c9e31ce201916b6b4590846997fc0df839853c6a26848dd466fec16c19a1,c3ef4b5c6cb842154ddb03fa6cdc175dd5ab4e69a1e02f2bbc5493c3e2a48e7c,False,-3.994938551240149,7007,0,float32,128x128x3
exp07_fixed_probe_v1,30,train/anger/5_image0017917.jpg,0,a7d64cb4a998719448753ff77eceb1920dda832e41a8fe5fee8a68dd974a580d,c3ef4b5c6cb842154ddb03fa6cdc175dd5ab4e69a1e02f2bbc5493c3e2a48e7c,True,-4.517120980306437,7007,0,float32,128x128x3
exp07_fixed_probe_v1,31,train/sad/15_image0016111.jpg,6,1ce128ee7c9ea99bf07cb3287583de866339e77662364de35d2da9e0d66834c6,c3ef4b5c6cb842154ddb03fa6cdc175dd5ab4e69a1e02f2bbc5493c3e2a48e7c,True,-2.483829997413451,7007,0,float32,128x128x3
