seed,parameter,rank,flat_index,canonical_index,keras_value,pytorch_value,absolute_difference
42,conv1/kernel,1,341,"[1, 0, 1, 21]",-0.000981554388999939,0.0009978115558624268,0.0019793659448623657
42,conv1/kernel,2,373,"[1, 0, 2, 21]",0.000962577760219574,0.0009996667504310608,3.7088990211486816e-05
42,conv1/kernel,3,255,"[0, 2, 1, 31]",-0.0009642466902732849,-0.0009987875819206238,3.454089164733887e-05
42,conv1/kernel,4,326,"[1, 0, 1, 6]",-0.0009682383388280869,-0.0009989142417907715,3.067590296268463e-05
42,conv1/kernel,5,614,"[2, 0, 1, 6]",0.0009721145033836365,0.0009990334510803223,2.691894769668579e-05
42,conv1/kernel,6,525,"[1, 2, 1, 13]",0.00097617506980896,0.0009992346167564392,2.3059546947479248e-05
42,conv1/kernel,7,204,"[0, 2, 0, 12]",-0.000982031226158142,-0.0009993985295295715,1.7367303371429443e-05
42,conv1/kernel,8,790,"[2, 2, 0, 22]",0.0009837746620178223,0.0009994655847549438,1.5690922737121582e-05
42,conv1/kernel,9,713,"[2, 1, 1, 9]",0.0009854882955551147,0.000999554991722107,1.4066696166992188e-05
42,conv1/kernel,10,759,"[2, 1, 2, 23]",-0.0009865881875157356,-0.000999579206109047,1.299101859331131e-05
42,bn1/gamma,1,18,[18],-0.0009864568710327148,-0.0009995698928833008,1.3113021850585938e-05
42,bn1/gamma,2,23,[23],0.000997304916381836,0.0009999275207519531,2.6226043701171875e-06
42,bn1/gamma,3,5,[5],-0.0009981393814086914,-0.0009999275207519531,1.7881393432617188e-06
42,bn1/gamma,4,9,[9],0.0009982585906982422,0.0009999275207519531,1.6689300537109375e-06
42,bn1/gamma,5,27,[27],-0.000998377799987793,-0.0009999275207519531,1.5497207641601562e-06
42,bn1/gamma,6,26,[26],0.000998854637145996,0.0009999275207519531,1.0728836059570312e-06
42,bn1/gamma,7,2,[2],-0.0009989738464355469,-0.0009999871253967285,1.0132789611816406e-06
42,bn1/gamma,8,13,[13],0.0009989738464355469,0.0009999275207519531,9.5367431640625e-07
42,bn1/gamma,9,12,[12],-0.000999152660369873,-0.0009999871253967285,8.344650268554688e-07
42,bn1/gamma,10,22,[22],0.0009990930557250977,0.0009999275207519531,8.344650268554688e-07
42,bn1/beta,1,18,[18],-0.0009922418976202607,-0.000999760814011097,7.518916390836239e-06
42,bn1/beta,2,12,[12],-0.0009930640226230025,-0.0009997914312407374,6.727408617734909e-06
42,bn1/beta,3,27,[27],-0.000995102571323514,-0.0009998470777645707,4.744506441056728e-06
42,bn1/beta,4,11,[11],0.0009984076023101807,0.000999949872493744,1.5422701835632324e-06
42,bn1/beta,5,23,[23],-0.0009986156364902854,-0.000999956508167088,1.3408716768026352e-06
42,bn1/beta,6,16,[16],0.0009988179663196206,0.0009999623289331794,1.1443626135587692e-06
42,bn1/beta,7,14,[14],-0.0009989234386011958,-0.0009999662870541215,1.042848452925682e-06
42,bn1/beta,8,19,[19],0.000999031588435173,0.0009999695466831326,9.379582479596138e-07
42,bn1/beta,9,24,[24],-0.000999044394120574,-0.0009999698959290981,9.255018085241318e-07
42,bn1/beta,10,21,[21],-0.0009991980623453856,-0.0009999745525419712,7.764901965856552e-07
42,conv2/kernel,1,16968,"[2, 2, 9, 8]",-0.0009254775941371918,0.0009375866502523422,0.001863064244389534
42,conv2/kernel,2,13841,"[2, 0, 24, 17]",-0.0008344422094523907,0.0009957184083759785,0.0018301606178283691
42,conv2/kernel,3,10435,"[1, 2, 3, 3]",-0.000828850083053112,0.0009982753545045853,0.0018271254375576973
42,conv2/kernel,4,7700,"[1, 0, 24, 20]",0.0008148811757564545,-0.0009913928806781769,0.0018062740564346313
42,conv2/kernel,5,3292,"[0, 1, 19, 28]",-0.0006958208978176117,0.0009933523833751678,0.0016891732811927795
42,conv2/kernel,6,16626,"[2, 2, 3, 50]",-0.0006348229944705963,0.0009193494915962219,0.0015541724860668182
42,conv2/kernel,7,6778,"[1, 0, 9, 58]",0.0005138088017702103,-0.0009965058416128159,0.0015103146433830261
42,conv2/kernel,8,3473,"[0, 1, 22, 17]",0.0003379136323928833,-0.0008376464247703552,0.0011755600571632385
42,conv2/kernel,9,814,"[0, 0, 12, 46]",0.00014957040548324585,-0.0009963791817426682,0.001145949587225914
42,conv2/kernel,10,3118,"[0, 1, 16, 46]",9.706243872642517e-05,0.0009969919919967651,0.00089992955327034
42,bn2/gamma,1,61,[61],-0.0009590983390808105,-0.0009983181953430176,3.921985626220703e-05
42,bn2/gamma,2,40,[40],0.0009710788726806641,0.0009990930557250977,2.8014183044433594e-05
42,bn2/gamma,3,8,[8],0.0009827613830566406,0.00099945068359375,1.6689300537109375e-05
42,bn2/gamma,4,62,[62],0.000983595848083496,0.00099945068359375,1.5854835510253906e-05
42,bn2/gamma,5,38,[38],0.0009894371032714844,0.0009996891021728516,1.0251998901367188e-05
42,bn2/gamma,6,10,[10],-0.000990748405456543,-0.0009996891021728516,8.940696716308594e-06
42,bn2/gamma,7,58,[58],-0.0009924769401550293,-0.000999748706817627,7.271766662597656e-06
42,bn2/gamma,8,59,[59],0.0009931325912475586,0.0009998083114624023,6.67572021484375e-06
42,bn2/gamma,9,42,[42],0.0009946823120117188,0.0009998083114624023,5.125999450683594e-06
42,bn2/gamma,10,32,[32],0.0009951591491699219,0.0009998083114624023,4.649162292480469e-06
42,bn2/beta,1,26,[26],-0.0009578351164236665,-0.0009985696524381638,4.073453601449728e-05
42,bn2/beta,2,48,[48],-0.0009748491575010121,-0.000999018782749772,2.4169625248759985e-05
42,bn2/beta,3,58,[58],-0.000987726030871272,-0.000999627634882927,1.1901604011654854e-05
42,bn2/beta,4,34,[34],0.0009944540215656161,0.0009998250752687454,5.3710537031292915e-06
42,bn2/beta,5,28,[28],0.000994833535514772,0.0009998371824622154,5.003646947443485e-06
42,bn2/beta,6,33,[33],0.0009950291132554412,0.000999840092845261,4.810979589819908e-06
42,bn2/beta,7,18,[18],-0.000995241105556488,-0.000999848241917789,4.607136361300945e-06
42,bn2/beta,8,55,[55],0.0009958654409274459,0.0009998689638450742,4.003522917628288e-06
42,bn2/beta,9,25,[25],-0.0009963874472305179,-0.0009998842142522335,3.496767021715641e-06
42,bn2/beta,10,44,[44],0.0009964397177100182,0.0009998867753893137,3.44705767929554e-06
42,conv3/kernel,1,64061,"[2, 1, 52, 61]",-0.0009144777432084084,0.0009883521124720573,0.0019028298556804657
42,conv3/kernel,2,54458,"[2, 0, 41, 58]",0.0009120441973209381,-0.0009902752935886383,0.0019023194909095764
42,conv3/kernel,3,37658,"[1, 1, 38, 26]",-0.00086946040391922,0.0009898152202367783,0.0018592756241559982
42,conv3/kernel,4,25519,"[1, 0, 7, 47]",-0.0009090879466384649,0.0009397475514560938,0.0018488354980945587
42,conv3/kernel,5,8644,"[0, 1, 3, 68]",-0.0008683279156684875,0.0009801238775253296,0.0018484517931938171
42,conv3/kernel,6,27884,"[1, 0, 25, 108]",-0.0008403696119785309,0.0009925942867994308,0.0018329638987779617
42,conv3/kernel,7,36880,"[1, 1, 32, 16]",0.0008499028626829386,-0.0009746772702783346,0.0018245801329612732
42,conv3/kernel,8,45163,"[1, 2, 32, 107]",-0.0008141081780195236,0.0009865853935480118,0.0018006935715675354
42,conv3/kernel,9,43615,"[1, 2, 20, 95]",-0.0007818751037120819,0.0009956415742635727,0.0017775166779756546
42,conv3/kernel,10,22783,"[0, 2, 49, 127]",0.0008153878152370453,-0.0009592585265636444,0.0017746463418006897
42,bn3/gamma,1,94,[94],-0.0005780458450317383,-0.0009937882423400879,0.0004157423973083496
42,bn3/gamma,2,106,[106],0.0007352828979492188,0.0009921789169311523,0.0002568960189819336
42,bn3/gamma,3,48,[48],-0.0009828805923461914,-0.00099945068359375,1.6570091247558594e-05
42,bn3/gamma,4,124,[124],0.0009881258010864258,0.0009995698928833008,1.1444091796875e-05
42,bn3/gamma,5,97,[97],0.0009884834289550781,0.0009995698928833008,1.1086463928222656e-05
42,bn3/gamma,6,44,[44],0.0009920597076416016,0.0009996891021728516,7.62939453125e-06
42,bn3/gamma,7,63,[63],0.0009921789169311523,0.0009998083114624023,7.62939453125e-06
42,bn3/gamma,8,122,[122],-0.000994265079498291,-0.0009998083114624023,5.543231964111328e-06
42,bn3/gamma,9,102,[102],-0.0009946227073669434,-0.0009998083114624023,5.185604095458984e-06
42,bn3/gamma,10,80,[80],0.000995039939880371,0.0009998083114624023,4.76837158203125e-06
42,bn3/beta,1,23,[23],-0.000912223884370178,-0.0009967819787561893,8.455809438601136e-05
42,bn3/beta,2,54,[54],-0.0009707374265417457,-0.0009990677936002612,2.833036705851555e-05
42,bn3/beta,3,40,[40],-0.000976976123638451,-0.0009992700070142746,2.2293883375823498e-05
42,bn3/beta,4,12,[12],0.0009910666849464178,0.0009997133165597916,8.646631613373756e-06
42,bn3/beta,5,48,[48],-0.0009914193069562316,-0.0009997236775234342,8.304370567202568e-06
42,bn3/beta,6,50,[50],0.0009915990522131324,0.000999731128104031,8.132075890898705e-06
42,bn3/beta,7,35,[35],0.0009920033626258373,0.0009997449815273285,7.741618901491165e-06
42,bn3/beta,8,87,[87],0.0009920051088556647,0.000999743235297501,7.738126441836357e-06
42,bn3/beta,9,104,[104],-0.0009930765954777598,-0.0009997810702770948,6.704474799335003e-06
42,bn3/beta,10,82,[82],-0.0009936077985912561,-0.0009998006280511618,6.192829459905624e-06
42,conv4/kernel,1,153801,"[1, 1, 88, 201]",0.0009850484784692526,-0.0009968711528927088,0.0019819196313619614
42,conv4/kernel,2,251849,"[2, 1, 87, 201]",-0.000979788601398468,0.0009993687272071838,0.001979157328605652
42,conv4/kernel,3,189385,"[1, 2, 99, 201]",0.0009751208126544952,-0.0009991973638534546,0.00197431817650795
42,conv4/kernel,4,74441,"[0, 2, 34, 201]",-0.0009719301015138626,0.0009990483522415161,0.0019709784537553787
42,conv4/kernel,5,157641,"[1, 1, 103, 201]",0.0009746807627379894,-0.0009947412181645632,0.0019694219809025526
42,conv4/kernel,6,258249,"[2, 1, 112, 201]",0.0009635202586650848,-0.0009992420673370361,0.001962762326002121
42,conv4/kernel,7,260041,"[2, 1, 119, 201]",-0.0009481348097324371,0.0009990688413381577,0.0019472036510705948
42,conv4/kernel,8,177609,"[1, 2, 53, 201]",-0.0009459089487791061,0.0009976811707019806,0.0019435901194810867
42,conv4/kernel,9,5577,"[0, 0, 21, 201]",0.0008083134889602661,-0.000998619943857193,0.001806933432817459
42,conv4/kernel,10,72137,"[0, 2, 25, 201]",0.0002785511314868927,0.0009993268176913261,0.0007207756862044334
42,bn4/gamma,1,239,[239],0.0009905099868774414,0.0009996891021728516,9.179115295410156e-06
42,bn4/gamma,2,120,[120],-0.0009911656379699707,-0.000999748706817627,8.58306884765625e-06
42,bn4/gamma,3,26,[26],0.0009930133819580078,0.0009998083114624023,6.794929504394531e-06
42,bn4/gamma,4,187,[187],-0.0009944438934326172,-0.0009998083114624023,5.364418029785156e-06
42,bn4/gamma,5,140,[140],-0.0009951591491699219,-0.0009998679161071777,4.708766937255859e-06
42,bn4/gamma,6,13,[13],-0.0009957551956176758,-0.0009998679161071777,4.112720489501953e-06
42,bn4/gamma,7,246,[246],0.0009959936141967773,0.0009999275207519531,3.933906555175781e-06
42,bn4/gamma,8,118,[118],0.0009969472885131836,0.0009999275207519531,2.9802322387695312e-06
42,bn4/gamma,9,206,[206],-0.0009971857070922852,-0.0009999275207519531,2.7418136596679688e-06
42,bn4/gamma,10,123,[123],-0.0009973645210266113,-0.0009999275207519531,2.562999725341797e-06
42,bn4/beta,1,136,[136],-0.0009423681767657399,-0.0009980701142922044,5.570193752646446e-05
42,bn4/beta,2,246,[246],0.000994419795460999,0.0009998228633776307,5.403067916631699e-06
42,bn4/beta,3,88,[88],-0.0009958173613995314,-0.0009998673340305686,4.049972631037235e-06
42,bn4/beta,4,75,[75],0.0009959414601325989,0.0009998712921515107,3.9298320189118385e-06
42,bn4/beta,5,57,[57],-0.0009967365767806768,-0.0009998965542763472,3.1599774956703186e-06
42,bn4/beta,6,184,[184],0.000996783608570695,0.0009998981840908527,3.114575520157814e-06
42,bn4/beta,7,93,[93],0.0009969332022592425,0.0009999028407037258,2.96963844448328e-06
42,bn4/beta,8,120,[120],0.0009974020067602396,0.0009999178582802415,2.5158515200018883e-06
42,bn4/beta,9,239,[239],-0.0009975392604246736,-0.000999922165647149,2.3829052224755287e-06
42,bn4/beta,10,156,[156],0.0009977524168789387,0.000999928917735815,2.1765008568763733e-06
42,fc128/kernel,1,32429,"[253, 45]",-0.0005793273448944092,-0.0009775403887033463,0.00039821304380893707
42,fc128/kernel,2,26413,"[206, 45]",0.0005876123905181885,0.0009782910346984863,0.00039067864418029785
42,fc128/kernel,3,11787,"[92, 11]",-0.0006869733333587646,-0.0009858161211013794,0.00029884278774261475
42,fc128/kernel,4,8865,"[69, 33]",-0.000690605491399765,-0.000986030325293541,0.00029542483389377594
42,fc128/kernel,5,17697,"[138, 33]",-0.0007013678550720215,-0.0009867176413536072,0.0002853497862815857
42,fc128/kernel,6,32128,"[251, 0]",-0.0007409006357192993,-0.0009890645742416382,0.00024816393852233887
42,fc128/kernel,7,538,"[4, 26]",-0.0007777810096740723,-0.00099104642868042,0.00021326541900634766
42,fc128/kernel,8,3489,"[27, 33]",-0.000778423622250557,-0.000991079956293106,0.00021265633404254913
42,fc128/kernel,9,32545,"[254, 33]",-0.0008064582943916321,-0.0009924694895744324,0.0001860111951828003
42,fc128/kernel,10,3745,"[29, 33]",-0.0008065532892942429,-0.0009924732148647308,0.00018591992557048798
42,fc128/bias,1,33,[33],-0.0009711345774121583,-0.0009990610415115952,2.7926464099437e-05
42,fc128/bias,2,36,[36],-0.0009985094657167792,-0.0009999528992921114,1.4434335753321648e-06
42,fc128/bias,3,45,[45],-0.0009986066725105047,-0.0009999560425058007,1.3493699952960014e-06
42,fc128/bias,4,67,[67],0.0009989382233470678,0.0009999665198847651,1.0282965376973152e-06
42,fc128/bias,5,0,[0],0.000999003299511969,0.0009999687317758799,9.654322639107704e-07
42,fc128/bias,6,26,[26],-0.0009990489343181252,-0.00099997001234442,9.210780262947083e-07
42,fc128/bias,7,79,[79],-0.0009990920079872012,-0.0009999714093282819,8.794013410806656e-07
42,fc128/bias,8,71,[71],0.000999201089143753,0.0009999747853726149,7.736962288618088e-07
42,fc128/bias,9,57,[57],-0.0009993358980864286,-0.0009999790927395225,6.431946530938148e-07
42,fc128/bias,10,103,[103],0.0009994030697271228,0.0009999811882153153,5.781184881925583e-07
42,logits/kernel,1,267,"[33, 3]",-0.000568389892578125,-0.0009765475988388062,0.00040815770626068115
42,logits/kernel,2,107,"[13, 3]",-0.000580761581659317,-0.0009776800870895386,0.00039691850543022156
42,logits/kernel,3,203,"[25, 3]",-0.0007036179304122925,-0.0009868517518043518,0.0002832338213920593
42,logits/kernel,4,387,"[48, 3]",0.0007959157228469849,0.0009919553995132446,0.00019603967666625977
42,logits/kernel,5,459,"[57, 3]",-0.0008041448891162872,-0.0009923577308654785,0.00018821284174919128
42,logits/kernel,6,108,"[13, 4]",-0.000847160816192627,-0.0009943265467882156,0.00014716573059558868
42,logits/kernel,7,663,"[82, 7]",-0.0008701756596565247,-0.0009953007102012634,0.00012512505054473877
42,logits/kernel,8,204,"[25, 4]",-0.0009047538042068481,-0.0009966790676116943,9.192526340484619e-05
42,logits/kernel,9,104,"[13, 0]",-0.0009137541055679321,-0.0009970217943191528,8.32676887512207e-05
42,logits/kernel,10,109,"[13, 5]",-0.0009192539728246629,-0.0009972300613299012,7.79760885052383e-05
42,logits/bias,1,1,[1],0.0009997931774705648,0.000999993528239429,2.0035076886415482e-07
42,logits/bias,2,3,[3],0.0009998485911637545,0.0009999952744692564,1.4668330550193787e-07
42,logits/bias,3,5,[5],-0.000999860349111259,-0.0009999957401305437,1.353910192847252e-07
42,logits/bias,4,6,[6],0.0009999641915783286,0.0009999989997595549,3.480818122625351e-08
42,logits/bias,5,4,[4],0.000999964540824294,0.0009999989997595549,3.4458935260772705e-08
42,logits/bias,6,7,[7],-0.0009999724570661783,-0.0009999993490055203,2.6891939342021942e-08
42,logits/bias,7,0,[0],0.0009999744361266494,0.0009999993490055203,2.491287887096405e-08
42,logits/bias,8,2,[2],-0.000999980722554028,-0.000999999581836164,1.885928213596344e-08
