seed,checkpoint,anchor,source_framework,optimizer_step,source_model_file_sha256,source_optimizer_file_sha256,model_weight_exact,adam_m_exact,adam_v_exact,adam_step_exact,bn_gamma_exact,bn_beta_exact,bn_running_mean_exact,bn_running_variance_exact,input_exact,label_exact,all_exact,model_state_sha256,optimizer_state_sha256,probe_config_sha256
42,initial,shared,keras,0,48bb8b5d7329af67dfc8d8cc04c94d06538ba472fe64c6dd59f60519973431f1,8739c76e681f900923b900c9df0ef75cf421d39cabb54650c4b9ad19b6a76d85,True,True,True,True,True,True,True,True,True,True,True,b6640218721aee191503111a2ac1f1f9f1d65daaecdfdd8c19bb079f34e83d26,e3b0c44298fc1c149afbf4c8996fb92427ae41e4649b934ca495991b7852b855,78ea727f644aab59e6e14a058bcd60bf92f258ba5a08c8172b06295d255f9b42
42,after_first_step,keras,keras,1,45d5b455a3e36edb41eb0f4f50f409a9393d04b4bc5fd8d4a25d68785d35f734,f41da869191cc703aba33bb93409431bb6f9552dca8d128a706ee0bf69912f37,True,True,True,True,True,True,True,True,True,True,True,04642d6893cc71fa7588e7fc89fbeb2076e24e17a18d5fd6c8479d7d5c11bf68,3b39d1b996d00146ce4599272ebbbb7743ab97449a2d20b03ac05d4ce2d2ef37,78ea727f644aab59e6e14a058bcd60bf92f258ba5a08c8172b06295d255f9b42
42,after_first_step,pytorch,pytorch,1,1831c865ce2f0d90650f1f2d35e4c2972f0a0a95753dba58cfb82ec08feea2c2,c4117dba43f0eb130a7ec4490e30ce488124d02e84daa6d2c440741fb9768d0a,True,True,True,True,True,True,True,True,True,True,True,83c69c80d919040ae7d7e909da257735a65f756c6cc77d95f2c3391092a1d361,7f6697ac43e9ca5ccc57beab424621f604c7b954aad463c21b14aa8f4fc38249,78ea727f644aab59e6e14a058bcd60bf92f258ba5a08c8172b06295d255f9b42
42,epoch_001,keras,keras,321,d46504c4085da833fd6b067bffdef265c2c83df5808fc5109d905b6c60d9c629,549dec0bd10ad0f02dd93dd583dd45d179dc2ad04924c40dcf10a38818628819,True,True,True,True,True,True,True,True,True,True,True,4e9c970d628bee8e1be85c5928f983eec32387223d50a63d39a55cc27b21691b,321d1e65680cdaa82eeb776416282aff179e556ca9d72962929852afa738a32a,78ea727f644aab59e6e14a058bcd60bf92f258ba5a08c8172b06295d255f9b42
42,epoch_001,pytorch,pytorch,321,73e56e7c38fa74deefa5c43369925f55b149c5089fe70132f4fddc1b17fc9cd5,193ce7c08c563fd5143536f26b7f40e04ed79b0a962fff4f171195851060695f,True,True,True,True,True,True,True,True,True,True,True,60b5b4378b6cc0bee5f1720240ea88207000e690365e811562be39428b20c197,191a98d7adbb28fa12d4a9d79e5d7f1f9e3d1e3f92261e22e3e2aa5d0aea7d26,78ea727f644aab59e6e14a058bcd60bf92f258ba5a08c8172b06295d255f9b42
42,epoch_005,keras,keras,1605,25c4075f1a50bbd4851ffd6ebd8298c157c93be145130d39861d7d94ee9de361,d8c8c7c9e52aa93e03decabbb44d1c36cd43aff37be37b6c8dbde381fa60ee33,True,True,True,True,True,True,True,True,True,True,True,0caf968c884ce9ccc021e63dff5f783429a46b2923d1b1f7aeed1acc907ce817,f6fabe5f6b44a28f68cb1837a6cbb40d8026e5834f41a116b75263dcde63b39a,78ea727f644aab59e6e14a058bcd60bf92f258ba5a08c8172b06295d255f9b42
42,epoch_005,pytorch,pytorch,1605,a01f658aeeea51a1a0c61e45f79a8737cc22474e868cc664fd4e68bc30146daf,cf1657519a717c36180ff085ef18640885eb60fda52416fcd87a73afd7e79d62,True,True,True,True,True,True,True,True,True,True,True,54782041140b39f5cb6145ee3de0d10b9d61f2d7793706dd4a0f632d302e16fc,8c4a083059fb80c1aecc58a6cd94be25a30175b637859fb90e7d26bf8034d356,78ea727f644aab59e6e14a058bcd60bf92f258ba5a08c8172b06295d255f9b42
42,epoch_010,keras,keras,3210,19067c574dc3f77eaedbfd8e872c0823531c43e4ede28e67b13aa4af86f459ad,5ac30c87b42c3959c47e909fed5d23cb946740befe47c0dbaa70f65fce48985a,True,True,True,True,True,True,True,True,True,True,True,81d20244da3ad365be8449c0e24938cf3c70ef4f91b110c3cdab92d095ab60f1,04ec58758e08d688908a1d4dc6476b369fc8b09675400540c201df0dc3fd3c34,78ea727f644aab59e6e14a058bcd60bf92f258ba5a08c8172b06295d255f9b42
42,epoch_010,pytorch,pytorch,3210,382e659d3e86f9f75c9a373e2f6647ad841115c2b909f641b84225dbd9de7db7,f6c742db8e2a3c7917ffa52cc8f58e6898a9d6368d2990cb2a5e24b0332a9ab6,True,True,True,True,True,True,True,True,True,True,True,6698d1e2d422fdd2a8ab7df20f0f6eccd3758b3d9b71f06d9a1a8c407f67b51b,333e22bdff3195dcc4b5d4bed51b811a9c52b5fc77adad591fb9033a56f72a83,78ea727f644aab59e6e14a058bcd60bf92f258ba5a08c8172b06295d255f9b42
42,epoch_020,keras,keras,6420,0037b8d7b05075e6c48aa018cde71158082621847586c89a1d33feadf3f0b67a,5408f36b60211ab00f4eb994009a730fa2478a17ce536815ae126aa196ece39e,True,True,True,True,True,True,True,True,True,True,True,a21ba9c15ab4e2db8cf6c79548ea00bd81056a02744c6ecb3ca4da1a7f236d5b,d395ba4c68891de2a13b8b174e2bf294d0c3d90787c4b8819c28029135fb938d,78ea727f644aab59e6e14a058bcd60bf92f258ba5a08c8172b06295d255f9b42
42,epoch_020,pytorch,pytorch,6420,a48eb7c505ce66d4de4e0a60800d3971eef12fd7d863a753d9437648e729899e,449d6843908bdfb73922bbaa09c497c48c409ae3b71dab259e1b268837638637,True,True,True,True,True,True,True,True,True,True,True,a9a0ae71d2dee4ba89e8ad46caab0de1a714289138de2473771363b35bc5c0ff,d419f9cdbb395be3b3d18c7465ba5ee261b238f8fc05fe994cc78c9f5c94621b,78ea727f644aab59e6e14a058bcd60bf92f258ba5a08c8172b06295d255f9b42
42,epoch_030,keras,keras,9630,7f81b4a8efa8f62447ba9eabe3e952ac5cfd4e94929fa5c8222b881c1fce0813,a3c771127549f0f77c6cdb02516bd3fda710f9f3be6c85048d3d2c1edeada460,True,True,True,True,True,True,True,True,True,True,True,7c32e89936340b3312fb68c833ba80979b18179b003871973af42cbac5b52709,2eb6e18c2a05602d49429de77f00a86fc7d4eef37cbc42c4ce8968ce3ed13608,78ea727f644aab59e6e14a058bcd60bf92f258ba5a08c8172b06295d255f9b42
42,epoch_030,pytorch,pytorch,9630,484eb5f42eec7cb5a7a2d059cebf89e97c7610d304eaa5158dfb0e9f57dcba3d,3c92c2a85a8a6c6f0b7864bb366c8202e6cb6e5687efdcf22d9e0160db7cdedd,True,True,True,True,True,True,True,True,True,True,True,a30af9e72c676e57d9c8c1c93c095e55b25ba4878bf77c9a7288d75cda89513c,fc2069cdba92301015208326d8fdbfd6e6a6f5725283d0be3b58d676397d1a86,78ea727f644aab59e6e14a058bcd60bf92f258ba5a08c8172b06295d255f9b42
123,initial,shared,keras,0,be84f5eba6c7c156ce2705a417ee6e69f79c6ce8f5d12e5259cb1b6d22205b9f,8739c76e681f900923b900c9df0ef75cf421d39cabb54650c4b9ad19b6a76d85,True,True,True,True,True,True,True,True,True,True,True,cac6a20305931f8ed1de4e1855a2492629afc272f6c1d6fa1fb1abd631e51694,e3b0c44298fc1c149afbf4c8996fb92427ae41e4649b934ca495991b7852b855,78ea727f644aab59e6e14a058bcd60bf92f258ba5a08c8172b06295d255f9b42
123,after_first_step,keras,keras,1,34fd54f304f1498d94dbc90766f2ddb1b25395c1f05f7b8dff3f5ae00907fee0,312207a5bbd9e019786161008446dd951d45886566ce24b5cfcd0206a25f33ba,True,True,True,True,True,True,True,True,True,True,True,da461274254476b4d8899e337689625f4c42332e217ff372fba0cbe5d052d226,5c2beaa7612975efcdfc381412447424ac242b09b7b2d8c4ac08a86f9c6943ea,78ea727f644aab59e6e14a058bcd60bf92f258ba5a08c8172b06295d255f9b42
123,after_first_step,pytorch,pytorch,1,dc1e23c720ca4eb11bc60a171c870618b18cbd237cbbf8ba8b425d0a11c207ee,09c3f4dee8f6263303ad84d2cb8389b762160d7d6d2fc900ce128562a1004f61,True,True,True,True,True,True,True,True,True,True,True,b1de90f00cf62ec6ef1a0a155df3ec3f414138b8fb05d11f1dbfc902d689d923,2c763ef11ba66fa8e88b0683c709e28b6b4b6fe1e6bcb83e59c230c5179b3a8f,78ea727f644aab59e6e14a058bcd60bf92f258ba5a08c8172b06295d255f9b42
123,epoch_001,keras,keras,321,f43a7ed7920aae4020bd17447327870ad7ce2603b6bde4bc0970db38b0d090dd,5ef21f5be7dd3df131e21b869ae9068d09edc69b456da630e6f48493d173a917,True,True,True,True,True,True,True,True,True,True,True,aabe515bb65f3ef5bee4354e6b2f28bbe3745cc0afc50a68d3ab793b4143a7a9,7f9d5887c79739c04bdcdf026cd6d4919bd640f8b1e967fe6cc0c9a4281b9167,78ea727f644aab59e6e14a058bcd60bf92f258ba5a08c8172b06295d255f9b42
123,epoch_001,pytorch,pytorch,321,7c66f09b521fc30968aaed3df084aeebbc4c4737cd6158fa71eecc93a754fb17,3a46e6fd27991e567f9928220cd4fcd27d4693ae28c837a05dc302c9cb825de9,True,True,True,True,True,True,True,True,True,True,True,9c3a52490680bc2e3f4b57ed05c1818a9dc6c5cada511aee6bf024498ebec49f,38cf9736867fd4f9eebdb1bd33317bb63534acd7ac5f9ede178c7f9ce6245fd5,78ea727f644aab59e6e14a058bcd60bf92f258ba5a08c8172b06295d255f9b42
123,epoch_005,keras,keras,1605,9c1d374776ce7671e73821167cbd3a21715f41d17c8f6a98dd93e421b8c5d0d0,7c2a153887bb774cece2cad73a4c9a32be5a9f1fd87ca46f11d305bbf80399f4,True,True,True,True,True,True,True,True,True,True,True,a80767287c7c5aa408de665c5a12bc401cd6a6f80d38ebfaad8ea3b42df4f513,783394bcdaadc051747bc51a0ebc0bed21101a4a463af1bcd9878bdf577c2438,78ea727f644aab59e6e14a058bcd60bf92f258ba5a08c8172b06295d255f9b42
123,epoch_005,pytorch,pytorch,1605,730e171cca117e29187a0340bbd14a04a10adaa780c2087ca9e5c00f85eb9be1,e1574d61d02b88b861b3d5d4df4707fda4afc92f8ca24b331e816629a8a7ff1a,True,True,True,True,True,True,True,True,True,True,True,dc3b3c25eb61ef122c4dfddd5b77935b11b1061a950982000afa945fda2def09,2cc04ad15add2a16a2c59519b56d616e01767d8e6f57d2ef7a3819a241566383,78ea727f644aab59e6e14a058bcd60bf92f258ba5a08c8172b06295d255f9b42
123,epoch_010,keras,keras,3210,4d175f30fe51756dace2b9ca00348bdd3f8effaffa164721c130bfa7336c0ba5,cdf537b96015eda59c6b9b01980a978592b87a01ccac7646d5f0481e4ba6a6e8,True,True,True,True,True,True,True,True,True,True,True,4425ff5074651d67f7fdcd08f634701f70a96d9e3ecd6c0fd4bac9341745445f,4dcc01fc76243a50a6f1e1ff7355a36abbf56ef3ae5947378e47d11448c63ab1,78ea727f644aab59e6e14a058bcd60bf92f258ba5a08c8172b06295d255f9b42
123,epoch_010,pytorch,pytorch,3210,1d7046e16e8d0404e266c92aa1015ae2f4cc97a6807a935897eb974e187dd7da,77186b7c73bb7d8632770e6d78b4dde18e161ef11a0040436b27634175d415ab,True,True,True,True,True,True,True,True,True,True,True,5c4bc594e9f3f662cb3cae95d434141d791d6e608776ba9383e26629dcbe1ac9,3092fea70637c2eb527faf6ce5536ce2ce485a7cfc388c12182bb05d47b3e987,78ea727f644aab59e6e14a058bcd60bf92f258ba5a08c8172b06295d255f9b42
123,epoch_020,keras,keras,6420,cdd12c73308b7eaf89cb4dc1bb3e013007fba69cec60e2cea1265c41a912b928,b2cbb053142269fac4d2f2b06d27d0d44c1d6d55077d079a49dd42d98610411c,True,True,True,True,True,True,True,True,True,True,True,4be65e6983136a3167080a484d0ca35b8aa85d656f431228288f28bcaf3e0533,9a2fea4dd5064495d3bd847263605c8791facd366aabbcb1baff31218ee13996,78ea727f644aab59e6e14a058bcd60bf92f258ba5a08c8172b06295d255f9b42
123,epoch_020,pytorch,pytorch,6420,f5fa3836b4471418bdb032a69f23be607f472787da4e53b842594db76a9f3588,eb1649a4a9618b253f55c867e0bcea45fe3d0cdeadb001b7f267477cc6cc42a6,True,True,True,True,True,True,True,True,True,True,True,5319d03b5d9ad729077de8f05b8a8bb837d01b8db21d79c2d6d8f8a78c51c96f,a7967578d4bce8c27a4e7beddcdd90a0ff38b172ad5f3807fd91650447004f9c,78ea727f644aab59e6e14a058bcd60bf92f258ba5a08c8172b06295d255f9b42
123,epoch_030,keras,keras,9630,02c0755d3944993502d1d961225a81c9e4ac1b9d4dac49553ff6eb2f9bb35ea8,826a70fbb2b7be5d205e113af53006c067e953ae916df73ee6c481c86547962d,True,True,True,True,True,True,True,True,True,True,True,0472aab2deee66f09b188f431ab2d5a2a4bc8b895f6b38069d3ac09d2798925c,8eedcbd5fba602bb122bdf1021cc6ef2c595357ee282e9320a1350a226b3d990,78ea727f644aab59e6e14a058bcd60bf92f258ba5a08c8172b06295d255f9b42
123,epoch_030,pytorch,pytorch,9630,f60816408ce03dfe954a46177a5fa3cfe5b5db0d0f4e181e88ffe997a025b95d,d15ad5a9bed89593e9d53be2a7af13c866571ba2f03dc8433cf8475b7d896c60,True,True,True,True,True,True,True,True,True,True,True,b131eb084ad3735b1b5d04acec159bf0b573c732e3cf40b172308726bd55d688,efd6dc7bda8e4968188b4dfdb0b546055f1154b71ad6418a5ebfb2d6a2a7378d,78ea727f644aab59e6e14a058bcd60bf92f258ba5a08c8172b06295d255f9b42
2026,initial,shared,keras,0,b1d00233378f68f910fbbd238aac967dfc58113a1783c8887dba23f37791a01d,8739c76e681f900923b900c9df0ef75cf421d39cabb54650c4b9ad19b6a76d85,True,True,True,True,True,True,True,True,True,True,True,06b25691dc0ab33c4a5d4e34d406aa947abca8cefb7bd4c3ee51d1ffe60f59b6,e3b0c44298fc1c149afbf4c8996fb92427ae41e4649b934ca495991b7852b855,78ea727f644aab59e6e14a058bcd60bf92f258ba5a08c8172b06295d255f9b42
2026,after_first_step,keras,keras,1,6f44dee4d5876bc5e563a1c1fbfde58f84b599914d2a3c519aab4edbe2a54c8e,3e25ff427483059f99b235b2e9f3659facf7d5f47e4e4374ba9461a868a5807c,True,True,True,True,True,True,True,True,True,True,True,21e61103fe39e54a27057fca7e0610d5cbf28ac06a9ac315f21577545c9939c4,4bf6d9b492f794d77f263012a087ba7f03c7ead951a2fb4287a013b2d5841b63,78ea727f644aab59e6e14a058bcd60bf92f258ba5a08c8172b06295d255f9b42
2026,after_first_step,pytorch,pytorch,1,8296fb72187fc9ee94b7155b0908f84118c833a9f835ac336f24d230462ad6b5,9fe6cdb08aaff274fbe9bf71a5aa7d0b7f0fc4b8810d2d4d19d43c718ac820f2,True,True,True,True,True,True,True,True,True,True,True,acd4e69f74a03d47442cf7f393031506f4246f7320a157db013a91b06ce32fa8,beacad3ee5b18d81186a15962389f779821e6464752c14ae892e5eaabd1abb44,78ea727f644aab59e6e14a058bcd60bf92f258ba5a08c8172b06295d255f9b42
2026,epoch_001,keras,keras,321,0c5314cb4879a1984d06af3d26f2c2d1caf8f8c473bca1f3afc88edf13ea6f39,a65ea0790c5283e82d7b08d6894e0fd4f5111803d6b16ea6b02a62acd2f0eaf6,True,True,True,True,True,True,True,True,True,True,True,bff4a7fc717d96df6717ae0e4c4cf7588284447fda0a45ce8c05321131bedb8f,4f13cbf6fb6c261e3b0cb489fc170697d1e35cbf4ae1c8c1c084497c164cf2ee,78ea727f644aab59e6e14a058bcd60bf92f258ba5a08c8172b06295d255f9b42
2026,epoch_001,pytorch,pytorch,321,c5bec46350d0f3060439317118d23047f8b20967863c98e2ccddfbb57f52b977,a8d8a0b0fc321173845f28aef27c65708449fff02a85ee9dbc7bbad223f6d1fd,True,True,True,True,True,True,True,True,True,True,True,85fc2ac7fa26b089d73b8ffaffc488888d78cfb0ca6e4d91a575388569cff408,2a2f4688eb2af66c64cb235145d264a9ebf9d691dcc529ce4ddc8adc79a9967c,78ea727f644aab59e6e14a058bcd60bf92f258ba5a08c8172b06295d255f9b42
2026,epoch_005,keras,keras,1605,93e01b1150a42412bf9fb2ae8a110acb666a1edc83a6b2161128fcca8f09864f,7b054de629676384bab01ec9970d63e96fbea4cc3da2c86c9c9067b4e5ea0277,True,True,True,True,True,True,True,True,True,True,True,a2d79fd743907462e91fa00ee444dd3150ba28653f104e867f28d8a4ae311f97,0799bef061bec237d27613e2b6f827469c188648bcc524d3e82c987ff55e45d3,78ea727f644aab59e6e14a058bcd60bf92f258ba5a08c8172b06295d255f9b42
2026,epoch_005,pytorch,pytorch,1605,c1103bc1eace742a0cee2b42c575fd4b1aac01c4f2c97e72e24a5c61eb3bc8d8,a40bfb706a1329e02cd8e1cd87410fdc4f777e835b5cd3bef87d2f2b2d8dd559,True,True,True,True,True,True,True,True,True,True,True,8394b49f08a08ee0ad814d127f51a09b3ef609679cba0fe798108081ff05252e,d7cd1f9cbdfb44654f67f1e4ed5f023abf5638d48562817102dd30f8097283ff,78ea727f644aab59e6e14a058bcd60bf92f258ba5a08c8172b06295d255f9b42
2026,epoch_010,keras,keras,3210,aa90fce5be59df424eccbcc4c950ebad2785e1f5b5164b48a81d6451451369fd,20d3c31ee05adb61b970f522fd8c217a06e84fbc5aab68f0a739d5f5d4433319,True,True,True,True,True,True,True,True,True,True,True,4014d0a8c8d8d3ff0d0fdbfc6be06c9b269029ebe149772f03fe09659fce351d,50506a06312e0a9378da1ff4d923f6e92908567e6dc0d80f6fc44e549c37e9fc,78ea727f644aab59e6e14a058bcd60bf92f258ba5a08c8172b06295d255f9b42
2026,epoch_010,pytorch,pytorch,3210,02860cac880a4cb1c5cf76b89d7e286e947d06c17499ebc7a3635969766545ed,5932158b6c521c0417803b7459a0fc0966c5541d419e0bc697960a29e5f25ee6,True,True,True,True,True,True,True,True,True,True,True,d469f0e9dda2e7040af784cf94470987f89a873215bc2d4985e1abea3acdfee9,d81549ce7cb31c4c44fe39947bfa65f76be32dd80056c708f8b357f56453b7c5,78ea727f644aab59e6e14a058bcd60bf92f258ba5a08c8172b06295d255f9b42
2026,epoch_020,keras,keras,6420,a12c69ff1b6c98010ed8ad7bd5907dc182ef877b5ee4f93a11121033a8f1d0b2,0f6fc97cfd8d669b4a16877b5919e9b97dfb9afdfa8558db088d5480aebed0f7,True,True,True,True,True,True,True,True,True,True,True,d843485b109c8e55b6c90b465c133ad48ec68d45c7f414d26ca7c2e0d324409d,636b3a0a2f21f35ddca22ca730b83042a743d8c289d28cdba4685e2b19665bbf,78ea727f644aab59e6e14a058bcd60bf92f258ba5a08c8172b06295d255f9b42
2026,epoch_020,pytorch,pytorch,6420,eb8afcdf9dcfa01624964ebb9b9701866aca995656371dc2e69649e5a33106e7,13f2db8f187f796f58e5dd2dc2bc38aeccb7bc5668da95ce2318dde48fe5b662,True,True,True,True,True,True,True,True,True,True,True,86df777e5a02f5ef6b4903bfbcce6f2c912fabe9a724d706735d74537c8b5459,3e812c895e87ffb48346ce2f1057af978939510f2ead51513e24756c72296531,78ea727f644aab59e6e14a058bcd60bf92f258ba5a08c8172b06295d255f9b42
2026,epoch_030,keras,keras,9630,ea00f418e32a202dcba7115236465f1499567f3c2b20d835f84d25c59e4733f1,53a4d862e209c88cb122c870120d29963ff97dc37599010a6abb6e420304e80d,True,True,True,True,True,True,True,True,True,True,True,6780a82d9cf00409efdd2f1661585e95ece4e3b393617f04686f7e74ba3e7131,29d7307fbbeaa10b7b9cc893eb0c4137150167e2b1a293952a9f736f47e61305,78ea727f644aab59e6e14a058bcd60bf92f258ba5a08c8172b06295d255f9b42
2026,epoch_030,pytorch,pytorch,9630,0802c35c1f6bd0ba2f9884e5ff01ee89a84351f6dd8eafbf3aebe7f1c1d8b22c,1a2fab54d81ef445428460811a70400f57f85ad48838a8c1558d3a9ea3813dff,True,True,True,True,True,True,True,True,True,True,True,ce82451141fb8cf24c6b2e4a27d981832b00cd71ca8b3efe197eb20e81380397,fa1f103fe5a9548515ec31c0c4f9d603f6648300f98f85549c746269aa073d3e,78ea727f644aab59e6e14a058bcd60bf92f258ba5a08c8172b06295d255f9b42
