seed,layer,tensor,shape,num_elements,keras_mean,pytorch_mean,keras_std,pytorch_std,keras_norm,pytorch_norm,norm_ratio,mean_abs_diff,median_abs_diff,max_abs_diff,mse,rmse,l2_norm_difference,relative_l2_error,cosine_similarity,sign_mismatch_ratio,nonzero_difference_ratio,p50_abs_diff,p90_abs_diff,p95_abs_diff,p99_abs_diff,p99_9_abs_diff
2026,bn1,batch_mean,[32],32,0.06658534149755724,0.06658534200687427,0.19211785747842422,0.19211785761489492,1.1502052528406772,1.150205254513603,1.0000000014544586,1.469743438065052e-09,0.0,1.4901161193847656e-08,1.7462431240594656e-17,4.1788073945319205e-09,2.3638904367568075e-08,2.055190086708868e-08,0.9999999999999997,0.0,0.1875,0.0,6.891787052154553e-09,1.0803341865539545e-08,1.4901161193847656e-08,1.4901161193847656e-08
2026,bn1,batch_variance,[32],32,0.011615976043685805,0.011615975610766327,0.012945823917628252,0.012945822969311103,0.09839109819144709,0.09839109256312359,0.9999999427964155,7.676135282963514e-10,1.7462298274040222e-10,3.725290298461914e-09,2.0858186326137146e-18,1.4442363492911106e-09,8.16983452975878e-09,8.303428541738713e-08,0.9999999999999982,0.0,0.53125,1.7462298274040222e-10,3.5390257835388223e-09,3.725290298461914e-09,3.725290298461914e-09,3.725290298461914e-09
2026,bn1,output,"[32, 128, 128, 32]",16777216,1.3248940856252275e-08,6.61335786215347e-09,0.8980866693190189,0.8980866817137939,3678.5629975312695,3678.563048300303,1.0000000138013223,5.147616136073575e-08,2.9802322387695312e-08,9.5367431640625e-07,6.9169992298678314e-15,8.316849902377601e-08,0.0003406581720013867,9.260631597949351e-08,0.9999999999997654,0.0,0.5932232737541199,2.9802322387695312e-08,1.1920928955078125e-07,1.7881393432617188e-07,2.384185791015625e-07,4.76837158203125e-07
2026,bn1,running_mean,[32],32,0.0006658534025518748,0.0006658534141479322,0.0019211785146951703,0.00192117851924583,0.011502052184219996,0.011502052230024425,1.0000000039822832,1.9326762412674725e-11,0.0,2.3283064365386963e-10,2.992739456216854e-21,5.470593620638307e-11,3.094635077015371e-10,2.6905068896638105e-08,0.9999999999999998,0.0,0.1875,0.0,1.0768417268991489e-10,1.1641532182693481e-10,1.9674189388751999e-10,2.292217686772352e-10
2026,bn1,running_variance,[32],32,0.990116173401475,0.990116173401475,0.00012945403178750667,0.00012945403178750667,5.600942930870197,5.600942930870197,1.0,0.0,0.0,0.0,0.0,0.0,0.0,0.0,1.0,0.0,0.0,0.0,0.0,0.0,0.0,0.0
2026,bn2,batch_mean,[64],64,0.03219634824199602,0.03219634468405275,0.2720741242752173,0.2720741266060098,2.191780046486363,2.1917800616585583,1.0000000069223167,2.905289875343442e-08,2.2351741790771484e-08,8.940696716308594e-08,1.5272512258763388e-15,3.908006174350725e-08,3.12640493948058e-07,1.4264227484188238e-07,0.9999999999999898,0.0,0.8125,2.2351741790771484e-08,6.221234798431398e-08,8.083879947662349e-08,8.940696716308594e-08,8.940696716308594e-08
2026,bn2,batch_variance,[64],64,0.19309382553910837,0.19309382868232206,0.117670841775448,0.11767084503412761,1.8089847312208271,1.8089847662596805,1.0000000193693472,1.8742866814136505e-08,1.4901161193847656e-08,1.1920928955078125e-07,7.897328624384414e-16,2.810218607935051e-08,2.2481748863480407e-07,1.2427826526126282e-07,0.9999999999999926,0.0,0.78125,1.4901161193847656e-08,4.470348358154297e-08,5.960464477539063e-08,8.1658363342285e-08,1.1545419692993192e-07
2026,bn2,output,"[32, 64, 64, 64]",8388608,2.7418249932292284e-09,2.7085919543498246e-09,0.9964300213664304,0.9964300184737476,2885.9696131527844,2885.9696047747034,0.9999999970969614,1.4195938113910696e-07,1.1920928955078125e-07,4.291534423828125e-06,4.181532396525327e-14,2.0448795555057337e-07,0.0005922603828870508,2.0522058866726407e-07,0.9999999999998326,0.0,0.8327459096908569,1.1920928955078125e-07,3.2782554626464844e-07,4.172325134277344e-07,7.152557373046875e-07,1.1920928955078125e-06
2026,bn2,running_mean,[64],64,0.0003219634836284513,0.00032196344089641116,0.0027207412179084105,0.002720741238571841,0.021917800268626823,0.021917800392615015,1.0000000056569633,2.901430207202793e-10,2.3283064365386963e-10,9.313225746154785e-10,1.6001562088124262e-19,4.000195256249907e-10,3.2001562049999258e-09,1.4600717899037837e-07,0.9999999999999893,0.0,0.765625,2.3283064365386963e-10,6.984919309616089e-10,8.149072527885437e-10,9.313225746154785e-10,9.313225746154785e-10
2026,bn2,running_variance,[64],64,0.9919309448450804,0.9919309448450804,0.001176707488182023,0.001176707488182023,7.9354531423752395,7.9354531423752395,1.0,0.0,0.0,0.0,0.0,0.0,0.0,0.0,1.0,0.0,0.0,0.0,0.0,0.0,0.0,0.0
2026,bn3,batch_mean,[128],128,0.005691295533324592,0.005691297090379521,0.3817772121846186,0.38177721232530115,4.319796003899175,4.31979600575322,1.0000000004291973,2.468004822731018e-08,1.4901161193847656e-08,1.1920928955078125e-07,1.2914338652289525e-15,3.593652550301646e-08,4.0657537400745996e-07,9.411911429752052e-08,0.9999999999999954,0.0,0.7109375,1.4901161193847656e-08,5.960464477539063e-08,5.960464477539063e-08,1.1920928955078125e-07,1.1920928955078125e-07
2026,bn3,batch_variance,[128],128,0.2767561282380484,0.27675612550228834,0.11635390195778184,0.1163538988020877,3.3966041397723807,3.396604097402884,0.9999999875259244,1.635635271668434e-08,1.4901161193847656e-08,1.1920928955078125e-07,7.359564346831604e-16,2.71285170011772e-08,3.0692413336107104e-07,9.03620559626472e-08,0.9999999999999959,0.0,0.5390625,1.4901161193847656e-08,2.9802322387695312e-08,5.960464477539063e-08,1.0311603546142602e-07,1.1920928955078125e-07
2026,bn3,output,"[32, 32, 32, 128]",4194304,1.2511469204418146e-10,-3.4203394559976716e-09,0.9979150935123056,0.997915093030008,2043.7301115133641,2043.7301105256122,0.9999999995166916,2.6341113296500095e-07,2.086162567138672e-07,5.245208740234375e-06,1.3173739728822277e-13,3.629564674836678e-07,0.0007433348454065514,3.637147787855993e-07,0.9999999999998408,0.0,0.9009370803833008,2.086162567138672e-07,5.960464477539062e-07,7.152557373046875e-07,1.1920928955078125e-06,1.9073486328125e-06
2026,bn3,running_mean,[128],128,5.691296038889959e-05,5.691296232157583e-05,0.0038177720460887,0.0038177720335774087,0.04319795918284144,0.04319795904163399,0.9999999967311546,2.4431301426375285e-10,1.964508555829525e-10,1.3969838619232178e-09,1.2896903802559276e-19,3.591225947021334e-10,4.063008351858986e-09,9.405556254779842e-08,0.9999999999999958,0.0,0.6796875,1.964508555829525e-10,4.656612873077393e-10,6.984919309616089e-10,9.313225746154785e-10,1.3378448784351437e-09
2026,bn3,running_variance,[128],128,0.9927675696089864,0.9927675696089864,0.0011635389684909953,0.0011635389684909953,11.231890603970193,11.231890603970193,1.0,0.0,0.0,0.0,0.0,0.0,0.0,0.0,0.9999999999999999,0.0,0.0,0.0,0.0,0.0,0.0,0.0
2026,bn4,batch_mean,[256],256,0.005316076576491469,0.00531607855555194,0.4462348656872262,0.4462348595710001,7.140264484066144,7.140264386590674,0.9999999863484792,3.1315721571445465e-08,2.9802322387695312e-08,1.1920928955078125e-07,1.9821993981102015e-15,4.45218979616795e-08,7.12350367386872e-07,9.976526345438848e-08,0.9999999999999951,0.0,0.65625,2.9802322387695312e-08,5.960464477539063e-08,8.940696716308594e-08,1.1920928955078125e-07,1.1920928955078125e-07
2026,bn4,batch_variance,[256],256,0.3369050811161287,0.3369050775654614,0.09789690020328588,0.09789689849430916,5.613442990565328,5.613442928381282,0.9999999889222986,1.705484464764595e-08,0.0,1.1920928955078125e-07,7.520026268359459e-16,2.7422666296987714e-08,4.387626607518034e-07,7.816284257081514e-08,0.9999999999999972,0.0,0.4921875,0.0,5.960464477539063e-08,5.960464477539063e-08,5.960464477539063e-08,1.1920928955078125e-07
2026,bn4,output,"[32, 16, 16, 256]",2097152,9.408060793088258e-10,-2.4544091288460773e-09,0.998394830548014,0.9983948334806152,1445.8301542034026,1445.8301584502663,1.0000000029373186,4.3053834011106307e-07,3.5762786865234375e-07,6.67572021484375e-06,3.3609456954806495e-13,5.797366380935958e-07,0.0008395483301852633,5.806687080626021e-07,0.9999999999997335,0.0,0.9366731643676758,3.5762786865234375e-07,9.5367431640625e-07,1.1920928955078125e-06,1.7881393432617188e-06,2.7418136596679688e-06
2026,bn4,running_mean,[256],256,5.316075995054348e-05,5.3160787880202065e-05,0.004462348563642955,0.004462348491311054,0.07140264334799017,0.07140264219608519,0.9999999838674744,3.313882501743137e-10,2.3283064365386963e-10,1.862645149230957e-09,2.5092573722659175e-19,5.009248818202104e-10,8.014798109123367e-09,1.1224791875088145e-07,0.9999999999999939,0.0,0.6328125,2.3283064365386963e-10,9.313225746154785e-10,9.313225746154785e-10,1.6065314412116951e-09,1.862645149230957e-09
2026,bn4,running_variance,[256],256,0.9933690601028502,0.9933690598700196,0.0009789685623743118,0.0009789684586176718,15.893912679858316,15.893912676131391,0.9999999997655125,2.3283064365386963e-10,0.0,5.960464477539063e-08,1.3877787807814457e-17,3.725290298461914e-09,5.960464477539063e-08,3.750155545457669e-09,0.9999999999999999,0.0,0.00390625,0.0,0.0,0.0,0.0,4.440546035766798e-08
