case_id,parameter_order,parameter,gradient_relative_l2,gradient_keras_norm,gradient_pytorch_norm,m_relative_l2,v_relative_l2,update_relative_l2,post_weight_relative_l2,update_to_gradient_ratio,ratio_denominator_threshold
seed42_initial_shared,0,conv1/kernel,0.001834608743339229,1.3183185786280707,1.3170981547885987,0.0018346080264854824,0.0026936998871670234,0.0003397953397412511,4.266485998120367e-06,0.18521406320280523,1e-12
seed42_initial_shared,1,bn1/gamma,0.001030441775292788,0.07507428654249117,0.07509225402649293,0.0010304410630416413,0.0010424339434881808,6.23887678438852e-07,1.0538682863536076e-08,0.0006054565074883357,1e-12
seed42_initial_shared,2,bn1/beta,0.0012241100253199521,0.05759648868182436,0.05758583482496741,0.0012241148392527045,0.0021070904699819174,1.6464039747166848e-07,1.6464039747166848e-07,0.00013449803862903217,1e-12
seed42_initial_shared,3,conv2/kernel,0.0010110413161605093,1.9153730994269138,1.9155511781902919,0.0010110410692463407,0.0008199648188266656,0.034797213665532234,0.0007232693938184368,34.41720245190054,1e-12
seed42_initial_shared,4,bn2/gamma,0.0008555838160792578,0.07614271180665777,0.07614858370885608,0.0008555808685159905,0.0008914936326941844,5.6143140957660516e-05,6.0070350556934e-08,0.06561968553231685,1e-12
seed42_initial_shared,5,bn2/beta,0.0009539181559926101,0.05711174408243318,0.05712039095285448,0.0009539159678046853,0.0010132398367164075,1.6435027957148486e-05,1.6435027957148486e-05,0.017228970697225943,1e-12
seed42_initial_shared,6,conv3/kernel,0.0008332184249381444,2.211123611575667,2.211253387435787,0.0008332185438708632,0.0008769387656953951,0.02897278414917082,0.0008506245452708297,34.77213571137925,1e-12
seed42_initial_shared,7,bn3/gamma,0.00043000155434587764,0.06767426713805232,0.0676725543546904,0.00043000210671330835,0.0005356640028359695,0.00018142888118210994,1.7473426973105498e-07,0.4219261054953656,1e-12
seed42_initial_shared,8,bn3/beta,0.0009747252873847451,0.043369315597287836,0.043369004531598886,0.0009747284461049434,0.0011650079551927632,1.7063281938818252e-05,1.7063281938818252e-05,0.017505734343468415,1e-12
seed42_initial_shared,9,conv4/kernel,0.00048800957892284377,2.876651442859036,2.8766572851196957,0.0004880095585818288,0.0005093896426891879,0.0001188772497481566,4.940460884339516e-06,0.24359614008099534,1e-12
seed42_initial_shared,10,bn4/gamma,1.7224468268126675e-07,0.37205207274883506,0.37205204264565456,1.7164830001912323e-07,2.766070224063361e-07,5.636079386779646e-08,0.0,0.3272135487171485,1e-12
seed42_initial_shared,11,bn4/beta,1.747567919810513e-07,0.355012512254346,0.3550124808539124,1.8170514525714167e-07,2.815288614849654e-07,1.2348256242488713e-07,1.2348256242488713e-07,0.7065966422539743,1e-12
seed42_initial_shared,12,fc128/kernel,1.8506425305782822e-07,4.731861732783411,4.731861313010085,1.8833054193051908e-07,3.0295197867682557e-07,4.4295397220201446e-06,5.380889464592817e-08,23.935144950094806,1e-12
seed42_initial_shared,13,fc128/bias,1.4977968840932273e-07,0.3605759597572475,0.3605759255225671,1.5849833158406834e-07,2.1323021628782852e-07,5.2862403886130234e-08,5.2862403886130234e-08,0.35293439616235656,1e-12
seed42_initial_shared,14,logits/kernel,1.74767587754804e-07,3.3604710760524137,3.360470853336672,1.8115815785225176e-07,2.854903911287638e-07,6.241168018079469e-08,2.3849630463172452e-09,0.3571124427737552,1e-12
seed42_initial_shared,15,logits/bias,1.7610589306865648e-07,0.395890704168693,0.3958906478783316,1.6841146643662826e-07,4.378836528292739e-07,4.1159094479836106e-08,4.1159094479836106e-08,0.2337178714615181,1e-12
