case_id,metric,experiment08,experiment07,absolute_difference,exact_equal,within_tolerance,atol,rtol
seed42_initial_shared,loss_keras,2.8279647827148438,2.8279647827148438,0.0,True,True,1e-12,1e-07
seed42_initial_shared,loss_pytorch,2.8279647827148438,2.8279647827148438,0.0,True,True,1e-12,1e-07
seed42_initial_shared,global_gradient_rel_l2,0.0005326143344849774,0.0005326143344849774,0.0,True,True,1e-12,1e-07
seed42_initial_shared,global_update_rel_l2,0.014252392494621334,0.014252392494621334,0.0,True,True,1e-12,1e-07
seed42_initial_shared,global_post_weight_rel_l2,0.00029459765012591975,0.00029459765012591975,0.0,True,True,1e-12,1e-07
seed123_initial_shared,loss_keras,2.748014450073242,2.748014450073242,0.0,True,True,1e-12,1e-07
seed123_initial_shared,loss_pytorch,2.748014450073242,2.748014450073242,0.0,True,True,1e-12,1e-07
seed123_initial_shared,global_gradient_rel_l2,0.000371916657924113,0.000371916657924113,0.0,True,True,1e-12,1e-07
seed123_initial_shared,global_update_rel_l2,0.005226172771373909,0.005226172771373909,0.0,True,True,1e-12,1e-07
seed123_initial_shared,global_post_weight_rel_l2,0.00010797171326489894,0.00010797171326489894,0.0,True,True,1e-12,1e-07
seed2026_initial_shared,loss_keras,2.154595375061035,2.154595375061035,0.0,True,True,1e-12,1e-07
seed2026_initial_shared,loss_pytorch,2.154595375061035,2.154595375061035,0.0,True,True,1e-12,1e-07
seed2026_initial_shared,global_gradient_rel_l2,0.0004797295042087778,0.0004797295042087778,0.0,True,True,1e-12,1e-07
seed2026_initial_shared,global_update_rel_l2,9.860090555323582e-05,9.860090555323582e-05,0.0,True,True,1e-12,1e-07
seed2026_initial_shared,global_post_weight_rel_l2,2.0409359523592764e-06,2.0409359523592764e-06,0.0,True,True,1e-12,1e-07
seed42_epoch_001_keras,loss_keras,1.8844759464263916,1.8844759464263916,0.0,True,True,1e-12,1e-07
seed42_epoch_001_keras,loss_pytorch,1.8844759464263916,1.8844759464263916,0.0,True,True,1e-12,1e-07
seed42_epoch_001_keras,global_gradient_rel_l2,7.848751708131254e-06,7.848751708131254e-06,0.0,True,True,1e-12,1e-07
seed42_epoch_001_keras,global_update_rel_l2,1.3747042953454253e-06,1.3747042953454253e-06,0.0,True,True,1e-12,1e-07
seed42_epoch_001_keras,global_post_weight_rel_l2,1.068835962006983e-08,1.068835962006983e-08,0.0,True,True,1e-12,1e-07
seed42_epoch_001_pytorch,loss_keras,1.9117953777313232,1.9117953777313232,0.0,True,True,1e-12,1e-07
seed42_epoch_001_pytorch,loss_pytorch,1.9117953777313232,1.9117953777313232,0.0,True,True,1e-12,1e-07
seed42_epoch_001_pytorch,global_gradient_rel_l2,2.8112949821180086e-05,2.8112949821180086e-05,0.0,True,True,1e-12,1e-07
seed42_epoch_001_pytorch,global_update_rel_l2,4.7223389315632485e-06,4.7223389315632485e-06,0.0,True,True,1e-12,1e-07
seed42_epoch_001_pytorch,global_post_weight_rel_l2,1.9496291063766548e-08,1.9496291063766548e-08,0.0,True,True,1e-12,1e-07
seed123_epoch_030_keras,loss_keras,0.9218860268592834,0.9218860268592834,0.0,True,True,1e-12,1e-07
seed123_epoch_030_keras,loss_pytorch,0.9218860864639282,0.9218860864639282,0.0,True,True,1e-12,1e-07
seed123_epoch_030_keras,global_gradient_rel_l2,0.00011431705923380379,0.00011431705923380379,0.0,True,True,1e-12,1e-07
seed123_epoch_030_keras,global_update_rel_l2,4.453201868011935e-05,4.453201868011935e-05,0.0,True,True,1e-12,1e-07
seed123_epoch_030_keras,global_post_weight_rel_l2,1.1904399611062126e-07,1.1904399611062126e-07,0.0,True,True,1e-12,1e-07
seed123_epoch_030_pytorch,loss_keras,0.9040971994400024,0.9040971994400024,0.0,True,True,1e-12,1e-07
seed123_epoch_030_pytorch,loss_pytorch,0.904097318649292,0.904097318649292,0.0,True,True,1e-12,1e-07
seed123_epoch_030_pytorch,global_gradient_rel_l2,9.263951963850614e-06,9.263951963850614e-06,0.0,True,True,1e-12,1e-07
seed123_epoch_030_pytorch,global_update_rel_l2,8.025054148419922e-07,8.025054148419922e-07,0.0,True,True,1e-12,1e-07
seed123_epoch_030_pytorch,global_post_weight_rel_l2,8.31280469632272e-09,8.31280469632272e-09,0.0,True,True,1e-12,1e-07
seed2026_epoch_030_keras,loss_keras,0.9548178911209106,0.9548178911209106,0.0,True,True,1e-12,1e-07
seed2026_epoch_030_keras,loss_pytorch,0.9548177719116211,0.9548177719116211,0.0,True,True,1e-12,1e-07
seed2026_epoch_030_keras,global_gradient_rel_l2,0.0007338646859355479,0.0007338646859355479,0.0,True,True,1e-12,1e-07
seed2026_epoch_030_keras,global_update_rel_l2,0.00040700358812013405,0.00040700358812013405,0.0,True,True,1e-12,1e-07
seed2026_epoch_030_keras,global_post_weight_rel_l2,1.005878953903149e-06,1.005878953903149e-06,0.0,True,True,1e-12,1e-07
seed2026_epoch_030_pytorch,loss_keras,0.9822119474411011,0.9822119474411011,0.0,True,True,1e-12,1e-07
seed2026_epoch_030_pytorch,loss_pytorch,0.9822120666503906,0.9822120666503906,0.0,True,True,1e-12,1e-07
seed2026_epoch_030_pytorch,global_gradient_rel_l2,9.165933633299164e-06,9.165933633299164e-06,0.0,True,True,1e-12,1e-07
seed2026_epoch_030_pytorch,global_update_rel_l2,8.530079562315913e-07,8.530079562315913e-07,0.0,True,True,1e-12,1e-07
seed2026_epoch_030_pytorch,global_post_weight_rel_l2,8.23222227788279e-09,8.23222227788279e-09,0.0,True,True,1e-12,1e-07
